Date,BidOpen,BidHigh,BidLow,BidClose,AskOpen,AskHigh,AskLow,AskClose,Volume,Open,High,Low,Close,Median,ao,ac,jaw,teeth,lips,fh,fl,fh3,fl3,fh5,fl5,fh8,fl8,fh13,fl13,fh21,fl21,fh34,fl34,fh55,fl55,fh89,fl89,mfi,fdbb,fdbs,fdb,aoaz,aobz,zlc,zlcb,zlcs,zcol,zone_sig,sz,bz,acs,acb,ss,sb,price_peak_above,price_peak_bellow,ao_peak_above,ao_peak_bellow,mfi_sq,mfi_green,mfi_fade,mfi_fake,mfi_sig,mfi_str,bar_height
1999-08-31 21:00:00,0.94991,0.97341,0.94041,0.95551,0.95069,0.97419,0.94119,0.95629,0,0.9503,0.9738,0.9408,0.9559,0.9573,-0.12544624701,0.17922145224,0.96839384974,0.95272604462,0.95426894637,,,0,0,0,0,,,0,0,0,0,0,0,0,0,0,0,inf,,,0,0,1,0.0,0.0,0.0,gray,0.0,0.0,0.0,,,,,,,,,0,0,0,0,0,0,0.03300000000000003
1999-09-30 21:00:00,0.95551,0.98081,0.93391,0.94071,0.95629,0.98159,0.93469,0.94149,0,0.9559,0.9812,0.9343,0.9411,0.95775,-0.10643901165,0.13819138534,0.96740201514,0.95429778904,0.95813515709,,,0,0,0,0,,,0,0,0,0,0,0,0,0,0,0,inf,,,0,0,1,0.0,0.0,0.0,gray,0.0,0.0,0.0,0.13819138534,,,,,,,,0,0,0,0,0,0,0.04689999999999994
1999-10-31 22:00:00,0.94071,0.94951,0.92151,0.93901,0.94149,0.95029,0.92229,0.93979,0,0.9411,0.9499,0.9219,0.9394,0.9359,-0.12097247955,0.04813098321,0.96623647552,0.95534806541,0.95880812568,,,0,0,0,0,,,0,0,0,0,0,0,0,0,0,0,inf,0.9499,,1,0,1,0.0,0.0,0.0,gray,0.0,0.0,0.0,,,-0.87639397272,,,,,,0,0,0,0,0,0,0.027999999999999914
1999-11-30 22:00:00,0.93901,0.95601,0.92761,0.95031,0.93979,0.95679,0.92839,0.95109,0,0.9394,0.9564,0.928,0.9507,0.9422,-0.14896992885,-0.03361928102,0.96518366971,0.95762955724,0.95850650054,,,0,0,0,0,,,0,0,0,0,0,0,0,0,0,0,inf,,,0,0,1,0.0,0.0,0.0,red,-1.0,1.0,0.0,,,,,,,,,0,0,0,0,0,0,0.02839999999999998
1999-12-31 22:00:00,0.95031,0.97221,0.89151,0.92271,0.95109,0.97299,0.89229,0.92349,0,0.9507,0.9726,0.8919,0.9231,0.93225,-0.16261466853,-0.06176837335,0.96519261819,0.95811336258,0.95835520043,0.9726,,0,0,0,0,,,0,0,0,0,0,0,0,0,0,0,inf,,,0,0,1,0.0,0.0,0.0,red,-1.0,1.0,0.0,,,,,,,,,0,0,0,0,0,0,0.0807
2000-01-31 22:00:00,0.92271,0.93221,0.88291,0.89221,0.92349,0.93299,0.88369,0.89299,0,0.9231,0.9326,0.8833,0.8926,0.90795,-0.20167352042,-0.11125047126,0.96500087833,0.95801169226,0.95386416035,,,0,0,0,0,,,0,0,0,0,0,0,0,0,0,0,inf,,,0,0,1,0.0,0.0,0.0,red,-1.0,1.0,0.0,,,,,,,,,0,0,0,0,0,0,0.04930000000000001
2000-02-29 22:00:00,0.89221,0.90741,0.86991,0.89131,0.89299,0.90819,0.87069,0.89209,0,0.8926,0.9078,0.8703,0.8917,0.88905,-0.27296257801,-0.19017852294,0.96566234923,0.95797898073,0.95153132828,,,0,0,0,0,,,0,0,0,0,0,0,0,0,0,0,inf,0.9078,,1,0,1,0.0,0.0,0.0,red,-1.0,1.0,0.0,,,,,,,,,0,0,0,0,0,0,0.03750000000000009
2000-03-31 22:00:00,0.89131,0.90141,0.85601,0.86521,0.89209,0.90219,0.85679,0.86599,0,0.8917,0.9018,0.8564,0.8656,0.8791,-0.32897002927,-0.22011692933,0.96534216852,0.95521910814,0.94767506262,,,0,0,0,0,,,0,0,0,0,0,0,0,0,0,0,inf,,,0,0,1,0.0,0.0,0.0,red,-1.0,1.0,0.0,,,,,,,,,0,0,0,0,0,0,0.045399999999999996
2000-04-30 21:00:00,0.86521,0.89541,0.83931,0.86511,0.86599,0.89619,0.84009,0.86589,0,0.8656,0.8958,0.8397,0.8655,0.86775,-0.41670306938,-0.29115321917,0.96472354017,0.95359171962,0.9397300501,,0.8211179666666667,0,0,0,0,,,0,0,0,0,0,0,0,0,0,0,inf,,,0,0,1,0.0,0.0,0.0,red,-1.0,1.0,0.0,,,,,,,,,0,0,0,0,0,0,0.05610000000000004
2000-05-31 21:00:00,0.86511,0.90121,0.83981,0.89091,0.86589,0.90199,0.84059,0.89169,0,0.8655,0.9016,0.8402,0.8913,0.8709,-0.48158273959,-0.29340994588,0.964187114,0.95092400467,0.92959404008,,,0,0,0,0,,,0,0,0,0,0,0,0,0,0,0,inf,,,0,0,1,0.0,0.0,0.0,red,-1.0,1.0,0.0,,,,,,,,,0,0,0,0,0,0,0.06140000000000001
2000-06-30 21:00:00,0.89091,0.89551,0.84581,0.86701,0.89169,0.89629,0.84659,0.86779,0,0.8913,0.8959,0.8462,0.8674,0.87105,-0.51101119195,-0.22600445075,0.96201118216,0.94555225408,0.91949523206,,,0,0,0,0,,,0,0,0,0,0,0,0,0,0,0,inf,,,0,0,1,0.0,0.0,0.0,gray,0.0,0.0,0.0,,,,,,,,,0,0,0,0,0,0,0.04970000000000008
2000-07-31 21:00:00,0.86701,0.87841,0.83631,0.85071,0.86779,0.87919,0.83709,0.85149,0,0.8674,0.8788,0.8367,0.8511,0.85775,-0.53130633005,-0.16081290572,0.96048724507,0.93848947232,0.90914618565,,,0,0,0,0,,,0,0,0,0,0,0,0,0,0,0,inf,,,0,0,1,0.0,0.0,0.0,gray,0.0,0.0,0.0,,-0.16081290572,,,,,,,0,0,0,0,0,0,0.042100000000000026
2000-08-31 21:00:00,0.85071,0.85451,0.79271,0.81591,0.85149,0.85529,0.79349,0.81669,0,0.8511,0.8549,0.7931,0.8163,0.824,-0.58507689759,-0.16610990134,0.95831514929,0.93106578828,0.90149694852,,,0,0,0,0,,,0,0,0,0,0,0,0,0,0,0,inf,,,0,0,1,0.0,0.0,0.0,gray,0.0,0.0,0.0,,,,,,,,,0,0,0,0,0,0,0.061799999999999966
2000-09-30 21:00:00,0.81591,0.82721,0.77661,0.80101,0.81669,0.82799,0.77739,0.80179,0,0.8163,0.8276,0.777,0.8014,0.8023,-0.6609476755,-0.22225888954,0.95444090704,0.92315131475,0.89540755882,,,0,0,0,0,,,0,0,0,0,0,0,0,0,0,0,inf,,,0,0,1,0.0,0.0,0.0,red,-1.0,1.0,0.0,,,,,,,,,0,0,0,0,0,0,0.05059999999999998
2000-10-31 22:00:00,0.80101,0.82241,0.77661,0.80551,0.80179,0.82319,0.77739,0.80629,0,0.8014,0.8228,0.777,0.8059,0.7999,-0.74359437842,-0.28510398132,0.94941083727,0.9166199004,0.88787604705,,,0,0,0,0,,,0,0,0,0,0,0,0,0,0,0,inf,,,0,0,1,0.0,0.0,0.0,red,-1.0,1.0,0.0,,,,,,,,,0,0,0,0,0,0,0.04579999999999995
2000-11-30 22:00:00,0.80551,0.85081,0.79651,0.83731,0.80629,0.85159,0.79729,0.83809,0,0.8059,0.8512,0.7969,0.8377,0.82405,-0.78746591953,-0.26137548589,0.94400231132,0.91092366285,0.87510083764,,,0,0,0,0,,,0,0,0,0,0,0,0,0,0,0,inf,,,0,0,1,0.0,0.0,0.0,gray,0.0,0.0,0.0,,,,,,,,,0,0,0,0,0,0,0.054299999999999904
2000-12-31 22:00:00,0.83731,0.86131,0.80901,0.82411,0.83809,0.86209,0.80979,0.82489,0,0.8377,0.8617,0.8094,0.8245,0.83555,-0.79513810435,-0.16767385573,0.93813674891,0.904276955,0.86054067011,,,1,0,0,0,,,0,0,0,0,0,0,0,0,0,0,inf,,,0,0,1,0.0,0.0,0.0,gray,0.0,0.0,0.0,,-0.16767385573,,,,,,,0,0,0,0,0,0,0.05230000000000001
2001-01-31 22:00:00,0.82411,0.83401,0.79301,0.80341,0.82489,0.83479,0.79379,0.80419,0,0.8245,0.8344,0.7934,0.8038,0.8139,-0.78239213501,-0.05918821377,0.93296469131,0.89424233562,0.84841253609,,,0,0,0,0,,,0,0,0,0,0,0,0,0,0,0,inf,,,0,0,1,0.0,0.0,0.0,gray,0.0,0.0,0.0,,,,,,,,,0,0,0,0,0,0,0.041000000000000036
2001-02-28 22:00:00,0.80341,0.82081,0.75881,0.76581,0.80419,0.82159,0.75959,0.76659,0,0.8038,0.8212,0.7592,0.7662,0.7902,-0.77129056392,0.00973637248,0.92820202274,0.88274954367,0.84354002887,,,0,0,0,0,,,0,0,0,0,0,0,0,0,0,0,inf,,,0,0,1,0.0,0.0,0.0,green,1.0,0.0,1.0,,,,,,0.7592,,,0,0,0,0,0,0,0.062000000000000055
2001-03-31 22:00:00,0.76581,0.80941,0.75031,0.78351,0.76659,0.81019,0.75109,0.78429,0,0.7662,0.8098,0.7507,0.7839,0.78025,-0.77826231039,0.00965707926,0.92278263638,0.87239335071,0.8419420231,,0.7321179666666667,0,1,0,1,,0.7321179666666667,0,1,0,1,0,1,0,1,0,1,inf,0.8098,,1,0,1,0.0,0.0,0.0,gray,0.0,0.0,0.0,,,-0.87639397272,,,,,,0,0,0,0,0,0,0.05909999999999993
2001-04-30 21:00:00,0.78351,0.81781,0.77641,0.79031,0.78429,0.81859,0.77719,0.79109,0,0.7839,0.8182,0.7768,0.7907,0.7975,-0.79357404311,-0.01962089808,0.91518397204,0.86635043187,0.83633361848,,,0,0,0,0,,,0,0,0,0,0,0,0,0,0,0,inf,,,0,0,1,0.0,0.0,0.0,red,-1.0,1.0,0.0,,,,,,,,,0,0,0,0,0,0,0.04139999999999999
2001-05-31 21:00:00,0.79031,0.80681,0.76881,0.77481,0.79109,0.80759,0.76959,0.77559,0,0.7907,0.8072,0.7692,0.7752,0.7882,-0.84782161166,-0.1104481491,0.90650058958,0.86250037789,0.82710689478,,,0,0,0,0,,,0,0,0,0,0,0,0,0,0,0,inf,,,0,0,1,0.0,0.0,0.0,red,-1.0,1.0,0.0,,,,,,,,,0,0,0,0,0,0,0.038000000000000034
2001-06-30 21:00:00,0.77481,0.79901,0.76211,0.79561,0.77559,0.79979,0.76289,0.79639,0,0.7752,0.7994,0.7625,0.796,0.78095,-0.87639397272,-0.13075347285,0.89830054423,0.85642533065,0.81773551583,,,0,0,0,0,,,0,0,0,0,0,0,0,0,0,0,inf,0.7994,,1,0,1,0.0,0.0,0.0,red,-1.0,1.0,0.0,,,,,,,,0.6666666666666666,0,0,0,0,0,0,0.036900000000000044
2001-07-31 21:00:00,0.79561,0.83531,0.78611,0.82171,0.79639,0.83609,0.78689,0.82249,0,0.796,0.8357,0.7865,0.8221,0.8111,-0.80865480692,0.02553032947,0.8925889639,0.84814716432,0.81368841266,,,0,0,0,0,,,0,0,0,0,0,0,0,0,0,0,inf,,,0,0,1,0.0,0.0,0.0,gray,0.0,0.0,0.0,,,,,,,,,0,0,0,0,0,0,0.04920000000000002
2001-08-31 21:00:00,0.82171,0.82701,0.75561,0.77611,0.82249,0.82779,0.75639,0.77689,0,0.8221,0.8274,0.756,0.7765,0.7917,-0.74260020787,0.14796531777,0.88820135129,0.83966001878,0.80859073013,,0.7374179666666667,0,1,0,0,,,0,0,0,0,0,0,0,0,0,0,inf,,,0,0,1,0.0,0.0,0.0,green,1.0,0.0,1.0,,,,,,,,,0,0,0,0,0,0,0.07140000000000002
2001-09-30 21:00:00,0.77611,0.80831,0.77281,0.79601,0.77689,0.80909,0.77359,0.79679,0,0.7765,0.8087,0.7732,0.7964,0.79095,-0.71135413058,0.17872273963,0.88248586273,0.83439001643,0.8030625841,,,0,0,0,0,,,0,0,0,0,0,0,0,0,0,0,inf,,,0,0,1,0.0,0.0,0.0,green,1.0,0.0,1.0,,,,,,,,,0,0,0,0,0,0,0.035499999999999976
2001-10-31 22:00:00,0.79861,0.83601,0.79841,0.81961,0.79939,0.83679,0.79919,0.82039,0,0.799,0.8364,0.7988,0.82,0.8176,-0.62584040048,0.26416118183,0.87538695021,0.82861626438,0.80467006728,,,0,0,0,0,,,0,0,0,0,0,0,0,0,0,0,inf,,,0,0,1,0.0,0.0,0.0,green,1.0,0.0,1.0,,,,,,,,,0,0,0,0,0,0,0.03760000000000008
2001-11-30 22:00:00,0.81961,0.82231,0.79451,0.81391,0.82039,0.82309,0.79529,0.81469,0,0.82,0.8227,0.7949,0.8143,0.8088,-0.54146645177,0.30029280586,0.86806872327,0.82265798133,0.80207605383,,,0,0,0,0,,,0,0,0,0,0,0,0,0,0,0,inf,,,0,0,1,0.0,0.0,0.0,green,1.0,0.0,1.0,,,,,,,,,0,0,0,0,0,0,0.027799999999999936
2001-12-31 22:00:00,0.81391,0.84221,0.80211,0.80661,0.81469,0.84299,0.80289,0.80739,0,0.8143,0.8426,0.8025,0.807,0.82255,-0.48935785621,0.27587571143,0.86264035995,0.82121323366,0.79985084306,,,0,0,0,0,,,0,0,0,0,0,0,0,0,0,0,inf,,0.8025,-1,0,1,0.0,0.0,0.0,gray,0.0,0.0,0.0,,,,,,,,,0,0,0,0,0,0,0.040100000000000025
2002-01-31 22:00:00,0.80661,0.83121,0.80451,0.82931,0.80739,0.83199,0.80529,0.83009,0,0.807,0.8316,0.8049,0.8297,0.81825,-0.41031627678,0.30202578,0.85691417841,0.81752407946,0.80340067445,,,0,0,0,0,,,0,0,0,0,0,0,0,0,0,0,inf,,,0,0,1,0.0,0.0,0.0,gray,0.0,0.0,0.0,,,,,,,,,0,0,0,0,0,0,0.026700000000000057
2002-02-28 22:00:00,0.82931,0.85221,0.82181,0.84981,0.83009,0.85299,0.82259,0.85059,0,0.8297,0.8526,0.8222,0.8502,0.8374,-0.29890892293,0.36211543246,0.85107078007,0.81420231952,0.80448053956,,,0,0,0,0,,,0,0,0,0,0,0,0,0,0,0,inf,,,0,0,1,0.0,0.0,0.0,green,1.0,0.0,1.0,,,,,,,,,0,0,0,0,0,0,0.030399999999999983
2002-03-31 22:00:00,0.84981,0.85671,0.83731,0.84321,0.85059,0.85749,0.83809,0.84399,0,0.8502,0.8571,0.8377,0.8436,0.8474,-0.21908907869,0.35893535709,0.84799610468,0.81462702958,0.80809443165,,,0,0,0,0,,,0,0,0,0,0,0,0,0,0,0,inf,,0.8377,-1,0,1,0.0,0.0,0.0,gray,0.0,0.0,0.0,,,,,,,,,0,0,0,0,0,0,0.019399999999999973
2002-04-30 21:00:00,0.84321,0.87311,0.83381,0.86761,0.84399,0.87389,0.83459,0.86839,0,0.8436,0.8735,0.8342,0.868,0.85385,-0.11211783431,0.40278241988,0.84366563509,0.81389865089,0.81012554532,,,0,0,0,0,,,0,0,0,0,0,0,0,0,0,0,inf,,,0,0,1,0.0,0.0,0.0,gray,0.0,0.0,0.0,,,,,,,,,0,0,0,0,0,0,0.0393
2002-05-31 21:00:00,0.86761,0.88421,0.84661,0.85591,0.86839,0.88499,0.84739,0.85669,0,0.868,0.8846,0.847,0.8563,0.8658,-0.01425730941,0.40868454795,0.83961058624,0.81498006953,0.81558043625,0.8846,,1,0,0,0,,,0,0,0,0,0,0,0,0,0,0,inf,,0.847,-1,0,1,0.0,0.0,0.0,green,1.0,0.0,1.0,,,,,,,,,0,0,0,0,0,0,0.03760000000000008
2002-06-30 21:00:00,0.85591,0.86641,0.84541,0.85991,0.85669,0.86619,0.84519,0.85969,0,0.8563,0.8663,0.8453,0.8598,0.8558,0.07532850307,0.39301057412,0.83791746422,0.81538881083,0.821944349,,,0,0,0,0,,,0,0,0,0,0,0,0,0,0,0,inf,,,0,1,0,1.0,1.0,0.0,gray,0.0,0.0,0.0,,,,,,,,,0,0,0,0,0,0,0.020999999999999908
2002-07-31 21:00:00,0.85991,0.86301,0.83631,0.85801,0.85969,0.86279,0.83609,0.85779,0,0.8598,0.8629,0.8362,0.8579,0.84955,0.1232344686,0.31711966134,0.83567765928,0.81814020948,0.8283254792,,,0,0,0,0,,,0,0,0,0,0,0,0,0,0,0,inf,,,0,1,0,0.0,0.0,0.0,gray,0.0,0.0,0.0,0.31711966134,,,,,,,,0,0,0,0,0,0,0.026699999999999946
2002-08-31 21:00:00,0.85801,0.88421,0.84281,0.86101,0.85779,0.88399,0.84259,0.86079,0,0.8579,0.8841,0.8427,0.8609,0.8634,0.16875040796,0.25051857504,0.83466783933,0.8217976833,0.83582038336,,,0,0,0,0,,,0,0,0,0,0,0,0,0,0,0,inf,,0.8427,-1,1,0,0.0,0.0,0.0,gray,0.0,0.0,0.0,0.25051857504,,,,,,,,0,0,0,0,0,0,0.04139999999999999
2002-09-30 21:00:00,0.86101,0.87831,0.85611,0.86421,0.86079,0.87809,0.85589,0.86399,0,0.8609,0.8782,0.856,0.8641,0.8671,0.21022439132,0.20273815131,0.83340492862,0.82580422288,0.83981630669,,,0,0,0,0,,,0,0,0,0,0,0,0,0,0,0,inf,,,0,1,0,0.0,0.0,0.0,gray,0.0,0.0,0.0,0.20273815131,,,,,,,,0,0,0,0,0,0,0.022199999999999998
2002-10-31 22:00:00,0.86421,0.89771,0.86361,0.87731,0.86399,0.89749,0.86339,0.87709,0,0.8641,0.8976,0.8635,0.8772,0.88055,0.24838447286,0.17288216814,0.8337122418,0.83080369502,0.84176304535,,,0,0,0,0,,,0,0,0,0,0,0,0,0,0,0,inf,,0.8635,-1,1,0,0.0,0.0,0.0,gray,0.0,0.0,0.0,0.17288216814,,,,,,,,0,0,0,0,0,0,0.03409999999999991
2002-11-30 22:00:00,0.87731,0.89271,0.86551,0.88211,0.87709,0.89249,0.86529,0.88189,0,0.8772,0.8926,0.8654,0.882,0.879,0.29525860987,0.17888341273,0.83476514628,0.83392823315,0.84609043628,,,0,0,0,0,,,0,0,0,0,0,0,0,0,0,0,inf,,,0,1,0,0.0,0.0,0.0,gray,0.0,0.0,0.0,,,,,,,,,0,0,0,0,0,0,0.027200000000000002
2002-12-31 22:00:00,0.88211,0.90931,0.88021,0.89271,0.88189,0.90909,0.87999,0.89249,0,0.882,0.9092,0.8801,0.8926,0.89465,0.3708456977,0.23304381049,0.83623321195,0.835880954,0.85029234903,,,0,0,0,0,,,0,0,0,0,0,0,0,0,0,0,inf,,0.8801,-1,1,0,0.0,0.0,0.0,green,1.0,0.0,1.0,,,,,,,,,0,0,0,0,0,0,0.029100000000000015
2003-01-31 22:00:00,0.89271,0.90861,0.88431,0.90201,0.89249,0.90839,0.88409,0.90179,0,0.8926,0.9085,0.8842,0.9019,0.89635,0.42276600338,0.23536522378,0.83850758026,0.83932083475,0.85634387922,,,0,0,0,0,,,0,0,0,0,0,0,0,0,0,0,inf,,,0,1,0,0.0,0.0,0.0,green,1.0,0.0,1.0,,,,,,,,,0,0,0,0,0,0,0.02429999999999999
2003-02-28 22:00:00,0.90201,0.91551,0.87181,0.88691,0.90179,0.91529,0.87159,0.88669,0,0.9019,0.9154,0.8717,0.8868,0.89355,0.46144325445,0.21133103213,0.83983776639,0.84279323041,0.86087510338,0.9154,,1,0,0,0,,,0,0,0,0,0,0,0,0,0,0,inf,,0.8717,-1,1,0,0.0,0.0,0.0,gray,0.0,0.0,0.0,,,,,,,,,0,0,0,0,0,0,0.04369999999999996
2003-03-31 22:00:00,0.88691,0.90751,0.87481,0.89751,0.88669,0.90729,0.87459,0.89729,0,0.8868,0.9074,0.8747,0.8974,0.89105,0.47430972931,0.14417593663,0.84058486129,0.84751282661,0.8676300827,,,0,0,0,0,,,0,0,0,0,0,0,0,0,0,0,inf,,,0,1,0,0.0,0.0,0.0,gray,0.0,0.0,0.0,0.14417593663,,,,,,,,0,0,0,0,0,0,0.03269999999999995
2003-04-30 21:00:00,0.89751,0.91321,0.88061,0.89441,0.89729,0.91299,0.88039,0.89419,0,0.8974,0.9131,0.8805,0.8943,0.8968,0.4982325857,0.1095331471,0.84233987196,0.85144872328,0.87337406616,,,0,0,0,0,,,0,0,0,0,0,0,0,0,0,0,inf,,0.8805,-1,1,0,0.0,0.0,0.0,gray,0.0,0.0,0.0,0.1095331471,,,,,,,,0,0,0,0,0,0,0.03260000000000007
2003-05-31 21:00:00,0.89441,0.91181,0.88741,0.90721,0.89419,0.91159,0.88719,0.90699,0,0.8943,0.9117,0.8873,0.9071,0.8995,0.49603084941,0.05293343955,0.84424449719,0.85684888287,0.87740925293,,,0,0,0,0,,,0,0,0,0,0,0,0,0,0,0,inf,,,0,1,0,0.0,0.0,0.0,gray,0.0,0.0,0.0,,,,,,,,,0,0,0,0,0,0,0.024399999999999977
2003-06-30 21:00:00,0.90721,0.93041,0.89311,0.91091,0.90699,0.93019,0.89289,0.91069,0,0.9071,0.9303,0.893,0.9108,0.91165,0.50014561084,0.02932597061,0.84703722818,0.86178652251,0.88013740234,0.9303,,0,0,0,0,,,0,0,0,0,0,0,0,0,0,0,inf,,0.893,-1,1,0,0.0,0.0,0.0,gray,0.0,0.0,0.0,,,,,,,,,0,0,0,0,0,0,0.0373
2003-07-31 21:00:00,0.91091,0.93001,0.89051,0.89631,0.91069,0.92979,0.89029,0.89609,0,0.9108,0.9299,0.8904,0.8962,0.91015,0.50140840827,0.01534115098,0.84949590293,0.8657569572,0.88346992187,,,0,0,0,0,,,0,0,0,0,0,0,0,0,0,0,inf,,,0,1,0,0.0,0.0,0.0,gray,0.0,0.0,0.0,0.01534115098,,,,,,,,0,0,0,0,0,0,0.03949999999999998
2003-08-31 21:00:00,0.89631,0.92411,0.87681,0.91881,0.89609,0.92389,0.87659,0.91859,0,0.8962,0.924,0.8767,0.9187,0.90035,0.49206671989,-0.01144952332,0.85296929501,0.86891858755,0.8866759375,,,0,1,0,0,,,0,0,0,0,0,0,0,0,0,0,inf,,,0,1,0,0.0,0.0,0.0,gray,0.0,0.0,0.0,,,,,,,,,0,0,0,0,0,0,0.04730000000000001
2003-09-30 21:00:00,0.91881,0.93651,0.90521,0.93281,0.91859,0.93629,0.90499,0.93259,0,0.9187,0.9364,0.9051,0.9327,0.92075,0.50867639749,0.01872363272,0.85630627232,0.8724037641,0.89167075,,,0,0,0,0,,,0,0,0,0,0,0,0,0,0,0,inf,,,0,1,0,0.0,0.0,0.0,gray,0.0,0.0,0.0,,,,,,,,,0,0,0,0,0,0,0.031299999999999994
2003-10-31 22:00:00,0.93281,0.95131,0.92761,0.93871,0.93259,0.95109,0.92739,0.93849,0,0.9327,0.9512,0.9275,0.9386,0.93935,0.55064746612,0.0832380554,0.85917117445,0.87579079359,0.8953666,,,0,0,0,0,,,0,0,0,0,0,0,0,0,0,0,inf,,0.9275,-1,1,0,0.0,0.0,0.0,green,1.0,0.0,1.0,,,,,,,,,0,0,0,0,0,0,0.023700000000000054
2003-11-30 22:00:00,0.93871,0.98921,0.93871,0.97241,0.93849,0.98899,0.93849,0.97219,0,0.9386,0.9891,0.9386,0.9723,0.96385,0.6021158761,0.14780777467,0.8616233918,0.88027319439,0.89636328,,,0,0,0,0,,,0,0,0,0,0,0,0,0,0,0,inf,,,0,1,0,0.0,0.0,0.0,green,1.0,0.0,1.0,,,,,,,,,0,0,0,0,0,0,0.05049999999999999
2003-12-31 22:00:00,0.97241,1.03051,0.97041,1.01171,0.97219,1.03029,0.97019,1.01149,0,0.9723,1.0304,0.9703,1.0116,1.00035,0.70334302399,0.2742282905,0.86432928474,0.88400779509,0.901240624,,,0,0,0,0,,,0,0,0,0,0,0,0,0,0,0,inf,,,0,1,0,0.0,0.0,0.0,green,1.0,0.0,1.0,,,,,,,,,0,0,0,0,0,0,0.06009999999999993
2004-01-31 22:00:00,1.01171,1.05471,1.00851,1.03261,1.01149,1.05449,1.00829,1.03239,0,1.0116,1.0546,1.0084,1.0325,1.0315,0.86416015184,0.45375648229,0.86703472437,0.88605057071,0.9088624992,1.0546,,1,0,1,0,1.0546,,1,0,1,0,1,0,1,0,0,0,inf,,,0,1,0,0.0,0.0,0.0,green,1.0,0.0,1.0,,,,,1.0546,,,,0,0,0,0,0,0,0.04620000000000002
2004-02-29 22:00:00,1.03261,1.03761,0.95681,1.00221,1.03239,1.03739,0.95659,1.00199,0,1.0325,1.0375,0.9567,1.0021,0.9971,0.94439172328,0.43939501987,0.87046666865,0.89038799937,0.91985999936,,,0,0,0,0,,,0,0,0,0,0,0,0,0,0,0,inf,,,0,1,0,0.0,0.0,0.0,gray,0.0,0.0,0.0,,,,,,,,,0,0,0,0,0,0,0.0808000000000001
2004-03-31 22:00:00,1.00221,1.02881,0.97811,0.98991,1.00199,1.02859,0.97889,0.99069,74705,1.0021,1.0287,0.9785,0.9903,1.0036,1.0,0.36820118693,0.8735192326,0.89650824945,0.93595799949,,,0,0,0,0,,,0,0,0,0,0,0,0,0,0,0,0.06719764407,,,0,1,0,0.0,0.0,0.0,gray,0.0,0.0,0.0,0.36820118693,,,,,,-0.58426264848,,1,0,0,0,1,+-,0.05019999999999991
2004-04-30 21:00:00,0.98991,1.00851,0.94571,0.97341,0.99069,1.00929,0.94649,0.97419,172779,0.9903,1.0089,0.9461,0.9738,0.9775,0.97395825488,0.15955777755,0.87558313779,0.90492596827,0.95506639959,,,0,0,0,0,,,0,0,0,0,0,0,0,0,0,0,0.03634700976,,,0,1,0,0.0,0.0,0.0,gray,0.0,0.0,0.0,,,,,,,,,1,0,0,0,1,+-,0.06279999999999986
2004-05-31 21:00:00,0.97341,0.97801,0.92601,0.93141,0.97419,0.97879,0.92679,0.93219,159522,0.9738,0.9784,0.9264,0.9318,0.9524,0.85662604626,-0.1479496678,0.8790575118,0.91685397223,0.96347311967,,,0,0,0,0,,,0,0,0,0,0,0,0,0,0,0,0.03259738469,,,0,1,0,0.0,0.0,0.0,red,-1.0,1.0,0.0,,,,,,,,,0,0,1,0,3,--,0.052000000000000046
2004-06-30 21:00:00,0.93141,0.96301,0.92261,0.93281,0.93219,0.96379,0.92339,0.93359,143055,0.9318,0.9634,0.923,0.9332,0.9432,0.66784912709,-0.45862779852,0.88369539551,0.9311847257,0.97149849574,,,0,0,0,0,,,0,0,0,0,0,0,0,0,0,0,0.02824088637,,,0,1,0,0.0,0.0,0.0,red,-1.0,1.0,0.0,,,,,,,,,0,0,1,0,3,--,0.04039999999999999
2004-07-31 21:00:00,0.93281,0.95231,0.91641,0.92401,0.93359,0.95309,0.91719,0.92479,173954,0.9332,0.9527,0.9168,0.9244,0.93475,0.52530615934,-0.58065484408,0.88986113432,0.93942413499,0.97269879659,,,0,0,0,0,,,0,0,0,0,0,0,0,0,0,0,0.02063763984,,,0,1,0,0.0,0.0,0.0,red,-1.0,1.0,0.0,,,,,,,,,1,0,0,0,1,+-,0.03590000000000004
2004-08-31 21:00:00,0.92401,0.92691,0.88161,0.91731,0.92479,0.92769,0.88239,0.91809,156581,0.9244,0.9273,0.882,0.9177,0.90465,0.33452834641,-0.7005159328,0.89836027783,0.94744611812,0.96863903727,,0.8634179666666667,0,1,0,1,,0.8634179666666667,0,0,0,0,0,0,0,0,0,0,0.02893071318,0.9273,,1,1,0,0.0,0.0,0.0,red,-1.0,1.0,0.0,,,,,,,,,0,0,0,1,2,-+,0.04530000000000001
2004-09-30 21:00:00,0.91731,0.92351,0.90701,0.91281,0.91809,0.92429,0.90779,0.91359,176302,0.9177,0.9239,0.9074,0.9132,0.91565,0.20211537399,-0.6548941626,0.90860179492,0.95120285335,0.96355122982,,,0,0,0,0,,,0,0,0,0,0,0,0,0,0,0,0.00935894091,,,0,1,0,0.0,0.0,0.0,gray,0.0,0.0,0.0,,,,,,,,,1,0,0,0,1,+-,0.01650000000000007
2004-10-31 22:00:00,0.91281,0.94301,0.90041,0.91771,0.91359,0.94379,0.90119,0.91849,195270,0.9132,0.9434,0.9008,0.9181,0.9221,0.12539603637,-0.5104240064,0.91540934916,0.95135249668,0.95779098385,,,0,0,0,0,,,0,0,0,0,0,0,0,0,0,0,0.02181594715,,,0,1,0,0.0,0.0,0.0,gray,0.0,0.0,0.0,,-0.5104240064,,,,,,,0,1,0,0,4,++,0.04259999999999997
2004-11-30 22:00:00,0.91771,0.95191,0.91531,0.93871,0.91849,0.95269,0.91609,0.93949,228382,0.9181,0.9523,0.9157,0.9391,0.934,0.08063074598,-0.35940485641,0.92219324538,0.9503334346,0.94716278708,,,0,0,0,0,,,0,0,0,0,0,0,0,0,0,0,0.01602578137,,,0,1,0,0.0,0.0,0.0,gray,0.0,0.0,0.0,,-0.35940485641,,,,,,,1,0,0,0,1,+-,0.03660000000000008
2004-12-31 22:00:00,0.93871,0.96511,0.91401,0.96121,0.93949,0.96589,0.91479,0.96199,231067,0.9391,0.9655,0.9144,0.9616,0.93995,0.06376248362,-0.20264633811,0.92644761112,0.94838550527,0.94086022967,,,0,0,0,0,,,0,0,0,0,0,0,0,0,0,0,0.02211479787,,,0,1,0,0.0,0.0,0.0,gray,0.0,0.0,0.0,,-0.20264633811,,,,,,,0,1,0,0,4,++,0.051100000000000034
2005-01-31 22:00:00,0.96121,0.98361,0.95241,0.97711,0.96199,0.98439,0.95319,0.97789,245111,0.9616,0.984,0.9528,0.9775,0.9684,0.14221659863,0.0402955613,0.92844394872,0.94291856711,0.93710818373,,,0,0,0,0,,,0,0,0,0,0,0,0,0,0,0,0.01272892689,,,0,1,0,0.0,0.0,0.0,gray,0.0,0.0,0.0,,,,1.0,,,,,1,0,0,0,1,+-,0.031200000000000006
2005-02-28 22:00:00,0.97711,0.97861,0.93061,0.93451,0.97789,0.97939,0.93139,0.93529,249286,0.9775,0.979,0.931,0.9349,0.955,0.18399937739,0.13464510051,0.92957902959,0.93950999622,0.93648654699,,,0,0,0,0,,,0,0,0,0,0,0,0,0,0,0,0.01925499226,,,0,1,0,0.0,0.0,0.0,green,1.0,0.0,1.0,,,,,,,,,0,1,0,0,4,++,0.04799999999999993
2005-03-31 22:00:00,0.93451,0.98511,0.93051,0.98221,0.93529,0.98589,0.93129,0.98299,217612,0.9349,0.9855,0.9309,0.9826,0.9582,0.22243059635,0.17417589959,0.92997679655,0.9373337467,0.93717923759,,,0,0,0,0,,,0,0,0,0,0,0,0,0,0,0,0.0250905281,,,0,1,0,0.0,0.0,0.0,green,1.0,0.0,1.0,,,,,,,,,0,0,0,1,2,-+,0.05460000000000009
2005-04-30 21:00:00,0.98221,0.98561,0.94621,0.94811,0.98299,0.98639,0.94699,0.94889,261623,0.9826,0.986,0.9466,0.9485,0.9663,0.24983053911,0.16079412575,0.92802858143,0.93691702836,0.94342339007,0.986,,1,0,1,0,0.986,,0,0,0,0,0,0,0,0,0,0,0.01505983801,,0.9466,-1,1,0,0.0,0.0,0.0,gray,0.0,0.0,0.0,,,,,,,,,1,0,0,0,1,+-,0.03939999999999999
2005-05-31 21:00:00,0.94811,0.96501,0.93041,0.93361,0.94889,0.96579,0.93119,0.93439,315385,0.9485,0.9654,0.9308,0.934,0.9481,0.23900261597,0.06546802796,0.92707638286,0.93729614981,0.94573871206,,,0,0,0,0,,,0,0,0,0,0,0,0,0,0,0,0.01097071833,,,0,1,0,0.0,0.0,0.0,gray,0.0,0.0,0.0,,,,,,,,,1,0,0,0,1,+-,0.034600000000000075
2005-06-30 21:00:00,0.93361,0.93821,0.90101,0.92341,0.93439,0.93899,0.90179,0.92419,269554,0.934,0.9386,0.9014,0.9238,0.92,0.142166388,-0.13572807893,0.92669358417,0.94118413109,0.94823096965,,,0,0,0,0,,,0,0,0,0,0,0,0,0,0,0,0.01380057428,0.9386,,1,1,0,0.0,0.0,0.0,red,-1.0,1.0,0.0,,,,,,,,,0,0,0,1,2,-+,0.03720000000000001
2005-07-31 21:00:00,0.92341,0.94171,0.88791,0.89691,0.92419,0.94249,0.88869,0.89769,283943,0.9238,0.9421,0.8883,0.8973,0.9152,0.06214570122,-0.25136367381,0.92725561616,0.9429111147,0.95184477572,,,0,0,0,0,,,0,0,0,0,0,0,0,0,0,0,0.01894746481,,,0,1,0,0.0,0.0,0.0,red,-1.0,1.0,0.0,,,,,,,,,0,1,0,0,4,++,0.05380000000000007
2005-08-31 21:00:00,0.89691,0.91591,0.88191,0.88601,0.89769,0.91669,0.88269,0.88679,229827,0.8973,0.9163,0.8823,0.8864,0.8993,-0.04311336055,-0.35972724594,0.92823210723,0.94482222536,0.95109582057,,,0,0,0,0,,,0,0,0,0,0,0,0,0,0,0,0.01479373616,,,0,0,1,-1.0,0.0,1.0,red,-1.0,1.0,0.0,,,,,,,,,0,0,1,0,3,--,0.03400000000000003
2005-09-30 21:00:00,0.88601,0.89981,0.87711,0.88261,0.88679,0.90059,0.87789,0.88339,290061,0.8864,0.9002,0.8775,0.883,0.88885,-0.17780589573,-0.46188821044,0.93132194513,0.94750694719,0.94487665646,,,0,0,0,0,,,0,0,0,0,0,0,0,0,0,0,0.00782594006,,,0,0,1,0.0,0.0,0.0,red,-1.0,1.0,0.0,,,,,,,,,1,0,0,0,1,+-,0.022700000000000053
2005-10-31 22:00:00,0.88261,0.88371,0.85591,0.86251,0.88339,0.88449,0.85669,0.86329,237136,0.883,0.8841,0.8563,0.8629,0.8702,-0.30465552995,-0.49953579559,0.93314333397,0.94758107879,0.93894132517,,,0,0,0,0,,,0,0,0,0,0,0,0,0,0,0,0.01172323055,,,0,0,1,0.0,0.0,0.0,red,-1.0,1.0,0.0,,,,,,,,,0,0,0,1,2,-+,0.027800000000000047
2005-11-30 22:00:00,0.86251,0.87251,0.84661,0.85171,0.86329,0.87329,0.84739,0.85249,209038,0.8629,0.8729,0.847,0.8521,0.85995,-0.39803224527,-0.46906737665,0.93507076982,0.94413344395,0.93101306013,,,0,0,0,0,,,0,0,0,0,0,0,0,0,0,0,0.01239009175,,,0,0,1,0.0,0.0,0.0,gray,0.0,0.0,0.0,,,,,,,,,0,0,0,1,2,-+,0.025900000000000034
2005-12-31 22:00:00,0.85171,0.88261,0.84971,0.86351,0.85249,0.88339,0.85049,0.86429,231386,0.8521,0.883,0.8501,0.8639,0.86655,-0.47430721878,-0.4046197272,0.93747301829,0.94051676345,0.92258044811,,,0,0,0,0,,,0,0,0,0,0,0,0,0,0,0,0.01421866491,,,0,0,1,0.0,0.0,0.0,gray,0.0,0.0,0.0,,-0.4046197272,,,,,,,0,1,0,0,4,++,0.03290000000000004
2006-01-31 22:00:00,0.86351,0.86431,0.83951,0.84351,0.86429,0.86509,0.84029,0.84429,275047,0.8639,0.8647,0.8399,0.8439,0.8523,-0.54481550103,-0.34263121084,0.93829047842,0.93536466802,0.91210435849,,,0,0,0,0,,,0,0,0,0,0,0,0,0,0,0,0.00901664079,,,0,0,1,0.0,0.0,0.0,gray,0.0,0.0,0.0,,-0.34263121084,,,,,,,1,0,0,0,1,+-,0.024800000000000044
2006-02-28 22:00:00,0.84351,0.85531,0.82091,0.83551,0.84429,0.85509,0.82169,0.83629,376001,0.8439,0.8552,0.8213,0.8359,0.83825,-0.6164987121,-0.30926963278,0.93688351854,0.92955033452,0.90167348679,,0.8027179666666667,0,0,0,0,,,0,0,0,0,0,0,0,0,0,0,0.00901593347,,,0,0,1,0.0,0.0,0.0,gray,0.0,0.0,0.0,,-0.30926963278,,,,,,,1,0,0,0,1,+-,0.03389999999999993
2006-03-31 22:00:00,0.83551,0.85131,0.83231,0.84691,0.83629,0.85209,0.83309,0.84769,306084,0.8359,0.8517,0.8327,0.8473,0.8422,-0.64991388876,-0.23522020066,0.93521555558,0.9221315427,0.89464878943,,,0,0,0,0,,,0,0,0,0,0,0,0,0,0,0,0.00620744632,,,0,0,1,0.0,0.0,0.0,gray,0.0,0.0,0.0,,-0.23522020066,,,,,,,0,0,1,0,3,--,0.019000000000000017
2006-04-30 21:00:00,0.84691,0.86061,0.82701,0.82841,0.84769,0.86139,0.82779,0.82919,327032,0.8473,0.861,0.8274,0.8288,0.8442,-0.65986814688,-0.14708996238,0.93245282053,0.91435884987,0.88617903154,,,0,0,0,0,,,0,0,0,0,0,0,0,0,0,0,0.01027422393,,,0,0,1,0.0,0.0,0.0,gray,0.0,0.0,0.0,,-0.14708996238,,,,0.8274,,,0,1,0,0,4,++,0.03359999999999996
2006-05-31 21:00:00,0.82841,0.83801,0.81201,0.82891,0.82919,0.83879,0.81179,0.82869,387725,0.8288,0.8384,0.8119,0.8288,0.82515,-0.70920511546,-0.15198840524,0.92909875742,0.90838274363,0.87659322524,,0.7933179666666667,0,1,0,1,,0.7933179666666667,0,1,0,1,0,0,0,0,0,0,0.00683474112,0.8384,,1,0,1,0.0,0.0,0.0,gray,0.0,0.0,0.0,,,,,,,,0.6666666666666666,1,0,0,0,1,+-,0.02650000000000008
2006-06-30 21:00:00,0.82891,0.86851,0.82211,0.86661,0.82869,0.86849,0.82289,0.86639,373665,0.8288,0.8685,0.8225,0.8665,0.8455,-0.70704354768,-0.08007780334,0.92456808377,0.90137240068,0.86971458019,,,0,0,0,0,,,0,0,0,0,0,0,0,0,0,0,0.01231049202,,,0,0,1,0.0,0.0,0.0,gray,0.0,0.0,0.0,,,,,,,,,0,0,0,1,2,-+,0.04600000000000004
2006-07-31 21:00:00,0.86661,0.86801,0.83701,0.84271,0.86639,0.86779,0.83779,0.84349,420782,0.8665,0.8679,0.8374,0.8431,0.85265,-0.66536370072,0.0268365809,0.91959746194,0.89348210059,0.86461166415,,,0,0,0,0,,,0,0,0,0,0,0,0,0,0,0,0.00724840891,,,0,0,1,0.0,0.0,0.0,green,1.0,0.0,1.0,,,,,,,,,1,0,0,0,1,+-,0.03049999999999997
2006-08-31 21:00:00,0.84271,0.85801,0.82921,0.83241,0.84349,0.85879,0.82999,0.83319,318652,0.8431,0.8584,0.8296,0.8328,0.844,-0.63835289038,0.0781580728,0.91551688795,0.88707183802,0.85671933132,,,0,0,0,0,,,0,0,0,0,0,0,0,0,0,0,0.00903807288,,,0,0,1,0.0,0.0,0.0,green,1.0,0.0,1.0,,,,,,,,,0,0,0,1,2,-+,0.028800000000000048
2006-09-30 21:00:00,0.83241,0.86981,0.83161,0.86851,0.83319,0.87059,0.83239,0.86929,274931,0.8328,0.8702,0.832,0.8689,0.8511,-0.59826723103,0.13585223542,0.91065405041,0.88171285827,0.85447546506,,,0,0,0,0,,,0,0,0,0,0,0,0,0,0,0,0.01389439532,,,0,0,1,0.0,0.0,0.0,green,1.0,0.0,1.0,,,,,,,,,0,0,0,1,2,-+,0.03820000000000001
2006-10-31 22:00:00,0.86851,0.90271,0.86311,0.89971,0.86929,0.90349,0.86389,0.90049,252800,0.8689,0.9031,0.8635,0.9001,0.8833,-0.46961001401,0.30361894768,0.90508450807,0.87464250098,0.85411037205,,,0,0,0,0,,,0,0,0,0,0,0,0,0,0,0,0.01566455696,,,0,0,1,0.0,0.0,0.0,green,1.0,0.0,1.0,,,,,,,,,0,0,0,1,2,-+,0.03959999999999997
2006-11-30 22:00:00,0.89971,0.92101,0.89421,0.92051,0.90049,0.92179,0.89499,0.92129,149246,0.9001,0.9214,0.8946,0.9209,0.908,-0.33190735134,0.43385284128,0.90024723822,0.87099968836,0.85208829764,,,0,0,0,0,,,0,0,0,0,0,0,0,0,0,0,0.01795693017,,,0,0,1,0.0,0.0,0.0,green,1.0,0.0,1.0,,,,,,,,,0,0,0,1,2,-+,0.026800000000000046
2006-12-31 22:00:00,0.92051,0.93921,0.90731,0.91321,0.92129,0.93899,0.90809,0.91399,180603,0.9209,0.9391,0.9077,0.9136,0.9234,-0.19262305371,0.52681057586,0.8959359122,0.86870597732,0.85189063811,,,0,0,0,0,,,0,0,0,0,0,0,0,0,0,0,0.01738620067,,0.9077,-1,0,1,0.0,0.0,0.0,green,1.0,0.0,1.0,,,,,,,,,1,0,0,0,1,+-,0.031400000000000095
2007-01-31 22:00:00,0.91321,0.92741,0.90481,0.92141,0.91399,0.92819,0.90559,0.92219,152792,0.9136,0.9278,0.9052,0.9218,0.9165,-0.04698711093,0.58366798636,0.89049084203,0.86561773015,0.85817251049,,,0,0,0,0,,,0,0,0,0,0,0,0,0,0,0,0.01479135033,,,0,0,1,0.0,0.0,0.0,green,1.0,0.0,1.0,,,,,,,,,0,0,1,0,3,--,0.022599999999999953
2007-02-28 22:00:00,0.92141,0.94511,0.90631,0.93371,0.92219,0.94589,0.90709,0.93449,195341,0.9218,0.9455,0.9067,0.9341,0.9261,0.09395413761,0.58885647547,0.88703000803,0.86380301388,0.86813800839,,,0,0,0,0,,,0,0,0,0,0,0,0,0,0,0,0.01986270163,,,0,1,0,1.0,1.0,0.0,green,1.0,0.0,1.0,,,,,,,,,0,1,0,0,4,++,0.03880000000000006
2007-03-31 21:00:00,0.93371,0.95151,0.91951,0.92091,0.93449,0.95229,0.92029,0.92169,175688,0.9341,0.9519,0.9199,0.9213,0.9359,0.18789321202,0.51080690917,0.88438539203,0.86624013715,0.87919040671,0.9519,,1,0,1,0,0.9519,,0,0,0,0,0,0,0,0,0,0,0.01821410683,,0.9199,-1,1,0,0.0,0.0,0.0,gray,0.0,0.0,0.0,,,,,,,,,0,0,1,0,3,--,0.03199999999999992
2007-04-30 21:00:00,0.92091,0.92861,0.87461,0.88471,0.92169,0.92939,0.87539,0.88549,191406,0.9213,0.929,0.875,0.8851,0.902,0.18799363329,0.29495407697,0.88127882341,0.87146012,0.88665232537,,,0,0,0,0,,,0,0,0,0,0,0,0,0,0,0,0.02821228175,,,0,1,0,0.0,0.0,0.0,gray,0.0,0.0,0.0,0.29495407697,,,,,,,,0,1,0,0,4,++,0.05400000000000005
2007-05-31 21:00:00,0.88471,0.91181,0.87861,0.90261,0.88549,0.91259,0.87939,0.90339,197893,0.8851,0.9122,0.879,0.903,0.8956,0.15036327393,0.0742226252,0.87895737546,0.877952605,0.8945418603,,,0,0,0,0,,,0,0,0,0,0,0,0,0,0,0,0.01677674299,,,0,1,0,0.0,0.0,0.0,gray,0.0,0.0,0.0,,,,,,,,,1,0,0,0,1,+-,0.03320000000000001
2007-06-30 21:00:00,0.90261,0.92711,0.89721,0.90811,0.90339,0.92739,0.89789,0.90869,207374,0.903,0.92725,0.89755,0.9084,0.9124,0.14141824956,-0.02266221032,0.8792914235,0.88277102938,0.90281348824,,,0,0,0,0,,,0,0,0,0,0,0,0,0,0,0,0.01432194971,,,0,1,0,0.0,0.0,0.0,red,-1.0,1.0,0.0,,,,,,,,,1,0,0,0,1,+-,0.02970000000000006
2007-07-31 21:00:00,0.90811,0.91121,0.82721,0.86411,0.90869,0.91179,0.82789,0.86489,322654,0.9084,0.9115,0.82755,0.8645,0.869525,0.05641541266,-0.18369004239,0.88149977554,0.88818715071,0.90265079059,,0.8089679666666667,0,1,0,1,,0.8089679666666667,0,0,0,0,0,0,0,0,0,0,0.02601858337,,,0,1,0,0.0,0.0,0.0,red,-1.0,1.0,0.0,,,,,,,,,0,1,0,0,4,++,0.08394999999999997
2007-08-31 21:00:00,0.86411,0.88441,0.85111,0.88251,0.86489,0.88478,0.85139,0.88309,293443,0.8645,0.884595,0.85125,0.8828,0.8679225,-0.0460317281,-0.29935099023,0.88472286973,0.89415125687,0.90124063247,,,0,0,0,0,,,0,0,0,0,0,0,0,0,0,0,0.01136336529,,,0,0,1,-1.0,0.0,1.0,red,-1.0,1.0,0.0,,,,,,,,,0,0,1,0,3,--,0.03334500000000007
2007-09-30 21:00:00,0.88251,0.88951,0.85571,0.88061,0.88309,0.8898,0.85634,0.88149,449250,0.8828,0.889655,0.856025,0.88105,0.87284,-0.08045814693,-0.25932226104,0.88716726436,0.89513234976,0.90347250598,,,0,0,0,0,,,0,0,0,0,0,0,0,0,0,0,0.00748580968,,,0,0,1,0.0,0.0,0.0,gray,0.0,0.0,0.0,,,,,,,,,1,0,0,0,1,+-,0.03362999999999994
2007-10-31 21:00:00,0.88061,0.88821,0.84271,0.88301,0.88149,0.88858,0.84312,0.88349,576532,0.88105,0.888395,0.842915,0.88325,0.865655,-0.1129271042,-0.21737108866,0.89016209018,0.89519080604,0.89668300478,,0.8243329666666667,0,0,0,0,,,0,0,0,0,0,0,0,0,0,0,0.00788854738,0.888395,,1,0,1,0.0,0.0,0.0,gray,0.0,0.0,0.0,,-0.21737108866,,,,,,,0,1,0,0,4,++,0.045480000000000076
2007-11-30 22:00:00,0.88301,0.89871,0.85371,0.86721,0.88349,0.89919,0.85435,0.86798,343362,0.88325,0.89895,0.85403,0.867595,0.87649,-0.15115697852,-0.1752203269,0.89368039094,0.89734195528,0.89093090383,,,0,0,0,0,,,0,0,0,0,0,0,0,0,0,0,0.01308240283,,,0,0,1,0.0,0.0,0.0,gray,0.0,0.0,0.0,,-0.1752203269,,,,,,,0,0,0,1,2,-+,0.04492000000000007
2007-12-31 22:00:00,0.86721,0.91811,0.86721,0.89983,0.86798,0.91849,0.86784,0.90041,559038,0.867595,0.9183,0.867525,0.90012,0.8929125,-0.09564347438,0.00332468116,0.89432036086,0.89386483587,0.88731272306,,,0,0,0,0,,,0,0,0,0,0,0,0,0,0,0,0.00908256684,,,0,0,1,0.0,0.0,0.0,gray,0.0,0.0,0.0,,,,,,,,,1,0,0,0,1,+-,0.050775000000000015
2008-01-31 22:00:00,0.89983,0.93709,0.88901,0.91661,0.90041,0.93747,0.88939,0.91719,443345,0.90012,0.93728,0.8892,0.9169,0.91324,-0.00699183073,0.17131054526,0.89441879464,0.89062204389,0.88298117845,,,0,0,0,0,,,0,0,0,0,0,0,0,0,0,0,0.01084482739,,,0,0,1,0.0,0.0,0.0,green,1.0,0.0,1.0,,,,,,,,,0,0,0,1,2,-+,0.04808000000000001
2008-02-29 22:00:00,0.91661,0.94381,0.90873,0.93581,0.91719,0.94427,0.90986,0.93649,532666,0.9169,0.94404,0.909295,0.93615,0.9266675,0.09485027189,0.31007425027,0.89580196429,0.8883992884,0.88168294276,,,0,0,0,0,,,0,0,0,0,0,0,0,0,0,0,0.00652284922,,,0,1,0,1.0,1.0,0.0,green,1.0,0.0,1.0,,,,,,,,,1,0,0,0,1,+-,0.034745000000000026
2008-03-31 21:00:00,0.93581,0.96966,0.91531,0.95081,0.93649,0.97057,0.91589,0.95149,549076,0.93615,0.970115,0.9156,0.95115,0.9428575,0.22796355712,0.4450036587,0.89378065934,0.88555625235,0.88392885421,,,0,0,0,0,,,0,0,0,0,0,0,0,0,0,0,0.00992849806,,,0,1,0,0.0,0.0,0.0,green,1.0,0.0,1.0,,,,,,,,,0,1,0,0,4,++,0.05451499999999998
2008-04-30 21:00:00,0.95081,0.96111,0.92941,0.94921,0.95149,0.96179,0.92979,0.94999,482344,0.95115,0.96145,0.9296,0.9496,0.945525,0.33940932211,0.47270740484,0.89179157016,0.88442297081,0.88979108337,,,0,0,0,0,,,0,0,0,0,0,0,0,0,0,0,0.00660317118,,,0,1,0,0.0,0.0,0.0,green,1.0,0.0,1.0,,,,,,,,,0,0,1,0,3,--,0.031850000000000045
2008-05-31 21:00:00,0.94921,0.98372,0.94561,0.97891,0.94999,0.9842,0.94599,0.97969,506014,0.9496,0.98396,0.9458,0.9793,0.96488,0.44979714904,0.47540806924,0.89033375707,0.88548416196,0.89716636669,,,0,0,0,0,,,0,0,0,0,0,0,0,0,0,0,0.00754129332,,,0,1,0,0.0,0.0,0.0,green,1.0,0.0,1.0,,,,,,,,,0,1,0,0,4,++,0.03815999999999997
2008-06-30 21:00:00,0.97891,0.98431,0.96171,0.96531,0.97969,0.98509,0.96204,0.96584,591247,0.9793,0.9847,0.961875,0.965575,0.9732875,0.5337331355,0.42510393019,0.88843539114,0.88895364171,0.90630459335,0.9847,,1,0,1,0,0.9847,,1,0,0,0,0,0,0,0,0,0,0.0038604847,,0.961875,-1,1,0,0.0,0.0,0.0,gray,0.0,0.0,0.0,,,,,,,,,1,0,0,0,1,+-,0.022824999999999984
2008-07-31 21:00:00,0.96531,0.96563,0.89191,0.91156,0.96584,0.96651,0.89217,0.91224,715267,0.965575,0.96607,0.89204,0.9119,0.929055,0.52771539107,0.23270864015,0.8875165149,0.893667874,0.91414867468,,,0,0,0,0,,,0,0,0,0,0,0,0,0,0,0,0.0103499812,,,0,1,0,0.0,0.0,0.0,gray,0.0,0.0,0.0,,,,,,,,,0,1,0,0,4,++,0.07402999999999993
2008-08-31 21:00:00,0.91156,0.91263,0.83111,0.84291,0.91224,0.91301,0.83259,0.84419,931507,0.9119,0.91282,0.83185,0.84355,0.872335,0.40678609266,-0.09288699668,0.88793159068,0.89981657725,0.92429493975,,,0,0,0,0,,,0,0,0,0,0,0,0,0,0,0,0.00869236624,,,0,1,0,0.0,0.0,0.0,red,-1.0,1.0,0.0,,,,,,,,,1,0,0,0,1,+-,0.08096999999999999
2008-09-30 21:00:00,0.84291,0.84886,0.71594,0.79886,0.84419,0.84999,0.71754,0.79979,939383,0.84355,0.849425,0.71674,0.799325,0.7830825,0.14876833316,-0.54979773187,0.8898783914,0.90553013009,0.9340934518,,0.6981579666666667,0,1,0,1,,0.6981579666666667,0,1,0,1,0,1,0,1,0,1,0.01412469674,0.849425,,1,1,0,0.0,0.0,0.0,red,-1.0,1.0,0.0,,,,,,,,,0,1,0,0,4,++,0.13268499999999994
2008-10-31 21:00:00,0.79886,0.82201,0.7804,0.80622,0.79979,0.82299,0.78299,0.81182,874707,0.799325,0.8225,0.781695,0.80902,0.8020975,-0.11294668635,-0.85975179032,0.89270832283,0.91294886383,0.93308576144,,,0,0,0,0,,,0,0,0,0,0,0,0,0,0,0,0.00466499068,,,0,0,1,-1.0,0.0,1.0,red,-1.0,1.0,0.0,,,,,,,,,0,0,1,0,3,--,0.04080499999999998
2008-11-30 22:00:00,0.80622,0.8619,0.7865,0.86022,0.81182,0.86298,0.78933,0.86093,826368,0.80902,0.86244,0.787915,0.860575,0.8251775,-0.35898519288,-1.0,0.89656595184,0.92049119335,0.92093560915,,,0,0,0,0,,,0,0,0,0,0,0,0,0,0,0,0.00901837922,,,0,0,1,0.0,0.0,0.0,red,-1.0,1.0,0.0,,,,,,,,,0,0,0,1,2,-+,0.07452499999999995
2008-12-31 22:00:00,0.86022,0.86835,0.77732,0.77888,0.86093,0.86926,0.77827,0.77966,918419,0.860575,0.868805,0.777795,0.77927,0.8233,-0.53577281697,-0.92538221287,0.90033203247,0.92156166918,0.89336498732,,,0,0,0,0,,,0,0,0,0,0,0,0,0,0,0,0.00990942043,,,0,0,1,0.0,0.0,0.0,gray,0.0,0.0,0.0,,,,,,0.777795,,,0,1,0,0,4,++,0.09101000000000004
2009-01-31 22:00:00,0.77888,0.83611,0.77214,0.81339,0.77966,0.83649,0.7729,0.81391,848771,0.77927,0.8363,0.77252,0.81365,0.80441,-0.64224446553,-0.71066249118,0.90529726074,0.91540833554,0.87511148986,,0.7539379666666667,0,1,0,0,,,0,0,0,0,0,0,0,0,0,0,0.00751439434,0.8363,,1,0,1,0.0,0.0,0.0,gray,0.0,0.0,0.0,,-0.71066249118,,,,,,,0,0,1,0,3,--,0.06378000000000006
2009-02-28 22:00:00,0.81339,0.87937,0.80358,0.87045,0.81391,0.87993,0.80572,0.87184,1036665,0.81365,0.87965,0.80465,0.871145,0.84215,-0.54089204212,-0.21345082154,0.91052727914,0.89886760609,0.86512469188,,,0,0,0,0,,,0,0,0,0,0,0,0,0,0,0,0.00723473832,,,0,0,1,0.0,0.0,0.0,gray,0.0,0.0,0.0,,,,,,,,,1,0,0,0,1,+-,0.07500000000000007
2009-03-31 21:00:00,0.87045,0.89355,0.85477,0.8649,0.87184,0.8944,0.85534,0.86586,1087302,0.871145,0.893975,0.855055,0.86538,0.874515,-0.42965691074,0.14930485149,0.91195248844,0.88677134283,0.85675975351,,,0,0,0,0,,,0,0,0,0,0,0,0,0,0,0,0.00357950229,,,0,0,1,0.0,0.0,0.0,green,1.0,0.0,1.0,,,,,,,,,1,0,0,0,1,+-,0.038919999999999955
2009-04-30 21:00:00,0.8649,0.89884,0.86376,0.87406,0.86586,0.89934,0.8643,0.87463,1321875,0.86538,0.89909,0.86403,0.874345,0.88156,-0.3424558523,0.32363151252,0.90890498933,0.87907211248,0.84628980281,,,0,0,0,0,,,0,0,0,0,0,0,0,0,0,0,0.00265229314,,0.86403,-1,0,1,0.0,0.0,0.0,green,1.0,0.0,1.0,,,,,,,,,1,0,0,0,1,+-,0.03505999999999998
2009-05-31 21:00:00,0.87406,0.93937,0.87155,0.93695,0.87463,0.9396,0.8732,0.93775,1204679,0.874345,0.939485,0.872375,0.93735,0.90593,-0.21476920682,0.45554955234,0.8992263363,0.87210059842,0.84546184225,,,0,0,0,0,,,0,0,0,0,0,0,0,0,0,0,0.00557077861,,,0,0,1,0.0,0.0,0.0,green,1.0,0.0,1.0,,,,,,,,,0,0,0,1,2,-+,0.06711
2009-06-30 21:00:00,0.93695,0.93888,0.87955,0.9008,0.93775,0.94025,0.87991,0.90139,1275893,0.93735,0.939565,0.87973,0.901095,0.9096475,-0.05159280682,0.54915123131,0.89175488736,0.86363927362,0.8512724738,,,0,0,0,0,,,0,0,0,0,0,0,0,0,0,0,0.00468965658,,0.87973,-1,0,1,0.0,0.0,0.0,green,1.0,0.0,1.0,,,,,,,,,1,0,0,0,1,+-,0.05983499999999997
2009-07-31 21:00:00,0.9008,0.92762,0.89515,0.92313,0.90139,0.92788,0.89536,0.92363,1116847,0.901095,0.92775,0.895255,0.92338,0.9115025,0.05163887508,0.51741219072,0.88663354987,0.86095311441,0.85732997904,,,0,0,0,0,,,0,0,0,0,0,0,0,0,0,0,0.00290953013,,,0,1,0,1.0,1.0,0.0,gray,0.0,0.0,0.0,,,,,,,,,0,0,1,0,3,--,0.03249499999999994
2009-08-31 21:00:00,0.92313,0.9523,0.90962,0.9437,0.92363,0.9529,0.9102,0.94465,1045357,0.92338,0.9526,0.90991,0.944175,0.931255,0.13646396634,0.45840144769,0.88176173834,0.86264835011,0.86704998323,,,0,0,0,0,,,0,0,0,0,0,0,0,0,0,0,0.00408377234,,,0,1,0,0.0,0.0,0.0,gray,0.0,0.0,0.0,0.45840144769,,,,,,,,0,0,0,1,2,-+,0.042690000000000006
2009-09-30 21:00:00,0.9437,0.984,0.93215,0.97375,0.94465,0.98435,0.93385,0.97421,1237516,0.944175,0.984175,0.933,0.97398,0.9585875,0.25526219993,0.45685262161,0.87581160462,0.86501230635,0.87556948658,,,0,0,0,0,,,0,0,0,0,0,0,0,0,0,0,0.00413530007,,,0,1,0,0.0,0.0,0.0,gray,0.0,0.0,0.0,0.45685262161,,,,,,,,0,1,0,0,4,++,0.05117499999999997
2009-10-31 21:00:00,0.97375,0.99157,0.95429,0.9673,0.97421,0.992,0.95527,0.96768,1066213,0.97398,0.991785,0.95478,0.96749,0.9732825,0.35772063808,0.43183555922,0.87322225042,0.87012701805,0.88275608927,0.991785,,1,0,1,0,0.991785,,0,0,0,0,0,0,0,0,0,0,0.00347069488,,0.95478,-1,1,0,0.0,0.0,0.0,gray,0.0,0.0,0.0,0.43183555922,,,,,,,,0,0,1,0,3,--,0.037005000000000066
2009-11-30 22:00:00,0.9673,0.97943,0.91967,0.93906,0.96768,0.97971,0.92023,0.93944,986426,0.96749,0.97957,0.91995,0.93925,0.94976,0.41784912709,0.36168552758,0.8733216927,0.8750670783,0.89245587141,,,0,0,0,0,,,0,0,0,0,0,0,0,0,0,0,0.00604404182,,,0,1,0,0.0,0.0,0.0,gray,0.0,0.0,0.0,0.36168552758,,,,,,,,0,0,0,1,2,-+,0.059620000000000006
2009-12-31 22:00:00,0.93906,0.96322,0.93639,0.94521,0.93944,0.9636,0.9368,0.94563,1065065,0.93925,0.96341,0.936595,0.94542,0.9500025,0.47757404813,0.30877754533,0.87395540864,0.87962150601,0.90568219713,,,0,0,0,0,,,0,0,0,0,0,0,0,0,0,0,0.00251768671,,,0,1,0,0.0,0.0,0.0,gray,0.0,0.0,0.0,0.30877754533,,,,,,,,1,0,0,0,1,+-,0.026815000000000033
2010-01-31 22:00:00,0.94521,0.94764,0.92299,0.94277,0.94563,0.94808,0.92316,0.94311,1259551,0.94542,0.94786,0.923075,0.94294,0.9354675,0.48487404663,0.17915332267,0.87641499259,0.88607569276,0.9192022577,,,0,0,0,0,,,0,0,0,0,0,0,0,0,0,0,0.0019677647,,,0,1,0,0.0,0.0,0.0,gray,0.0,0.0,0.0,0.17915332267,,,,,,,,1,0,0,0,1,+-,0.024785000000000057
2010-02-28 22:00:00,0.94277,0.94702,0.92497,0.9312,0.94311,0.94742,0.92567,0.9317,1183570,0.94294,0.94722,0.92532,0.93145,0.93627,0.43817087683,0.00609477929,0.87897133932,0.89513966866,0.92531380616,,,0,0,0,0,,,0,0,0,0,0,0,0,0,0,0,0.00185033416,,,0,1,0,0.0,0.0,0.0,gray,0.0,0.0,0.0,,,,,,,,,0,0,1,0,3,--,0.02189999999999992
2010-03-31 21:00:00,0.9312,0.9445,0.9177,0.93983,0.9317,0.94489,0.91808,0.94008,1111233,0.93145,0.944695,0.91789,0.939955,0.9312925,0.35752644845,-0.16139638904,0.88147373629,0.90490752258,0.93025154493,,,0,0,0,0,,,0,0,0,0,0,0,0,0,0,0,0.00241218538,,,0,1,0,0.0,0.0,0.0,red,-1.0,1.0,0.0,,,,,,,,,0,0,0,1,2,-+,0.026804999999999968
2010-04-30 21:00:00,0.93983,0.9453,0.86336,0.8833,0.94008,0.9468,0.86561,0.8837,1814005,0.939955,0.94605,0.864485,0.8835,0.9052675,0.28336120023,-0.25961434179,0.88530306427,0.91051408226,0.93129473594,,,0,0,0,0,,,0,0,0,0,0,0,0,0,0,0,0.00449640436,,,0,1,0,0.0,0.0,0.0,red,-1.0,1.0,0.0,,,,,,,,,0,1,0,0,4,++,0.081565
2010-05-31 21:00:00,0.8833,0.91115,0.85774,0.89424,0.8837,0.91149,0.85752,0.89465,2400223,0.8835,0.91132,0.85763,0.894445,0.884475,0.16774192739,-0.37110013654,0.89094032856,0.91545013448,0.93228978876,,0.8390479666666667,0,1,0,1,,0.8390479666666667,0,1,0,0,0,0,0,0,0,0,0.00223687549,0.91132,,1,1,0,0.0,0.0,0.0,red,-1.0,1.0,0.0,,,,,,,,,1,0,0,0,1,+-,0.053690000000000015
2010-06-30 21:00:00,0.89424,0.93564,0.88694,0.92951,0.89465,0.93596,0.88732,0.92981,1461865,0.894445,0.9358,0.88713,0.92966,0.911465,0.11583429989,-0.32559323716,0.89727434174,0.91795230517,0.932090331,,,0,0,0,0,,,0,0,0,0,0,0,0,0,0,0,0.00332930879,,,0,1,0,0.0,0.0,0.0,gray,0.0,0.0,0.0,,,,,,,,,0,0,0,1,2,-+,0.04866999999999999
2010-07-31 21:00:00,0.92951,0.94984,0.9212,0.94885,0.92981,0.95011,0.92147,0.94918,1261258,0.92966,0.949975,0.921335,0.949015,0.935655,0.09901449079,-0.21959599375,0.90131170007,0.92024201702,0.9267257648,,,0,0,0,0,,,0,0,0,0,0,0,0,0,0,0,0.00227074873,,,0,1,0,0.0,0.0,0.0,gray,0.0,0.0,0.0,,-0.21959599375,,,,,,,0,0,1,0,3,--,0.02864
2010-08-31 21:00:00,0.94885,1.0023,0.94584,0.99522,0.94918,1.00259,0.94605,0.99562,1351786,0.949015,1.002445,0.945945,0.99542,0.974195,0.14500667801,-0.03570897031,0.90505714622,0.92162332739,0.91827561184,,,0,0,0,0,,,0,0,0,0,0,0,0,0,0,0,0.00417965566,,,0,1,0,0.0,0.0,0.0,gray,0.0,0.0,0.0,,,,1.0,,,,,0,1,0,0,4,++,0.056499999999999995
2010-09-30 21:00:00,0.99522,1.01555,0.9788,0.99942,0.99562,1.01583,0.97908,0.99998,1760287,0.99542,1.01569,0.97894,0.9997,0.997315,0.27181313108,0.23258260567,0.9073964042,0.91957884897,0.91691348947,,,0,0,0,0,,,0,0,0,0,0,0,0,0,0,0,0.00208772774,,,0,1,0,0.0,0.0,0.0,green,1.0,0.0,1.0,,,,,,,,,1,0,0,0,1,+-,0.03674999999999995
2010-10-31 21:00:00,0.99942,1.02055,0.97742,0.98385,0.99998,1.02273,0.9778,0.9842,1518737,0.9997,1.02164,0.97761,0.984025,0.999625,0.44160227153,0.47157773732,0.90961745003,0.91519086785,0.92066179158,1.02164,,1,0,0,0,,,0,0,0,0,0,0,0,0,0,0,0.00289911947,,0.97761,-1,1,0,0.0,0.0,0.0,green,1.0,0.0,1.0,,,,,,,,,0,0,0,1,2,-+,0.044030000000000125
2010-11-30 22:00:00,0.98385,1.0203,0.97368,1.01775,0.9842,1.02065,0.97395,1.01805,1198249,0.984025,1.020475,0.973815,1.0179,0.997145,0.56680725644,0.54432618684,0.91128476157,0.91472513437,0.93136843326,,,0,0,0,0,,,0,0,0,0,0,0,0,0,0,0,0.00389401535,,,0,1,0,0.0,0.0,0.0,green,1.0,0.0,1.0,,,,,,,,,0,0,0,1,2,-+,0.046660000000000035
2010-12-31 22:00:00,1.01786,1.01786,0.9703,0.99794,1.01804,1.01949,0.97071,0.99821,1189392,1.01795,1.018675,0.970505,0.998075,0.99459,0.65036666315,0.4888230732,0.9108218953,0.91734136757,0.94455774661,,,0,0,0,0,,,0,0,0,0,0,0,0,0,0,0,0.00404996839,,,0,1,0,0.0,0.0,0.0,gray,0.0,0.0,0.0,,,,,,,,,0,0,0,1,2,-+,0.048170000000000046
2011-01-31 22:00:00,0.99794,1.01269,0.98338,0.98925,0.99821,1.01287,0.98353,0.99025,958208,0.998075,1.01278,0.983455,0.98975,0.9981175,0.67733303709,0.32363151252,0.90879521104,0.92444807162,0.95557119729,,,0,0,0,0,,,0,0,0,0,0,0,0,0,0,0,0.00306040025,,,0,1,0,0.0,0.0,0.0,gray,0.0,0.0,0.0,0.32363151252,,,,,,,,0,0,1,0,3,--,0.029325000000000045
2011-02-28 22:00:00,0.98925,1.01197,0.9607,1.0022,0.99025,1.01223,0.96413,1.003,1198017,0.98975,1.0121,0.962415,1.0026,0.9872575,0.64968618354,0.10914659266,0.90900057942,0.93355643767,0.96388595783,,,0,1,0,1,,,0,0,0,0,0,0,0,0,0,0,0.00414727003,,,0,1,0,0.0,0.0,0.0,gray,0.0,0.0,0.0,,,,,,,,,0,1,0,0,4,++,0.04968499999999998
2011-03-31 21:00:00,1.0022,1.04451,0.99394,1.0373,1.003,1.0446,0.9943,1.0376,991018,1.0026,1.044555,0.99412,1.03745,1.0193375,0.66966687755,0.05588512958,0.91105091947,0.94181500796,0.97002676626,,,0,0,0,0,,,0,0,0,0,0,0,0,0,0,0,0.0050892113,,,0,1,0,0.0,0.0,0.0,gray,0.0,0.0,0.0,,,,,,,,,0,0,0,1,2,-+,0.0504349999999999
2011-04-30 21:00:00,1.0373,1.04887,1.0193,1.033,1.0376,1.0499,1.01953,1.0339,1450537,1.03745,1.049385,1.019415,1.03345,1.0344,0.71792469409,0.09335884349,0.91590815643,0.94873125697,0.97564491301,,,0,0,0,0,,,0,0,0,0,0,0,0,0,0,0,0.00206613137,,1.019415,-1,1,0,0.0,0.0,0.0,gray,0.0,0.0,0.0,,,,,,,,,1,0,0,0,1,+-,0.029970000000000052
2011-05-31 21:00:00,1.033,1.05561,1.02342,1.0328,1.0339,1.05577,1.0236,1.03309,1468445,1.03345,1.05569,1.02351,1.032945,1.0396,0.76701136267,0.14688108735,0.92217022132,0.95446359985,0.97796743041,1.05569,,1,0,0,0,,,0,0,0,0,0,0,0,0,0,0,0.0021914338,,1.02351,-1,1,0,0.0,0.0,0.0,green,1.0,0.0,1.0,,,,,,,,,0,1,0,0,4,++,0.0321800000000001
2011-06-30 21:00:00,1.0328,1.0521,1.01258,1.04942,1.03309,1.05227,1.0128,1.04992,1352765,1.032945,1.052185,1.01269,1.04967,1.0324375,0.78540690697,0.1401918176,0.92812828122,0.95992033737,0.98624144433,,,0,0,0,0,,,0,0,0,0,0,0,0,0,0,0,0.00291957583,,,0,1,0,0.0,0.0,0.0,gray,0.0,0.0,0.0,,,,,,,,,0,0,0,1,2,-+,0.039494999999999836
2011-07-31 21:00:00,1.04942,1.05352,0.9915,1.04665,1.04992,1.0537,0.99185,1.0471,2013266,1.04967,1.05361,0.991675,1.046875,1.0226425,0.78567252123,0.08423026396,0.93343725959,0.96333748269,0.99587315546,,,0,1,0,0,,,0,0,0,0,0,0,0,0,0,0,0.00307634461,,,0,1,0,0.0,0.0,0.0,gray,0.0,0.0,0.0,0.08423026396,,,,,,-0.58426264848,,0,1,0,0,4,++,0.06193499999999996
2011-08-31 21:00:00,1.04665,1.05171,0.99813,1.01446,1.0471,1.0522,0.99832,1.0148,2113990,1.046875,1.051955,0.998225,1.01463,1.02509,0.73950999443,-0.04071685868,0.93814131654,0.97033748486,1.00461852437,,,0,0,0,0,,,0,0,0,0,0,0,0,0,0,0,0.00254163927,,,0,1,0,0.0,0.0,0.0,gray,0.0,0.0,0.0,,,,,,,,,1,0,0,0,1,+-,0.053729999999999944
2011-09-30 21:00:00,1.01446,1.06648,0.99387,1.05352,1.0148,1.06665,0.99402,1.05395,2255480,1.01463,1.066565,0.993945,1.053735,1.030255,0.68094845376,-0.14703581346,0.94275486912,0.97834529925,1.0101823195,1.066565,,0,0,0,0,,,0,0,0,0,0,0,0,0,0,0,0.00321971376,,,0,1,0,0.0,0.0,0.0,red,-1.0,1.0,0.0,,,,,,,,,0,1,0,0,4,++,0.07262000000000002
2011-10-31 21:00:00,1.05352,1.06007,1.01096,1.04592,1.05395,1.06086,1.01105,1.04687,2222475,1.053735,1.060465,1.011005,1.046395,1.035735,0.62101779465,-0.2108940326,0.94617814841,0.98600213684,1.0126743556,,,0,0,0,0,,,0,0,0,0,0,0,0,0,0,0,0.00222544686,,,0,1,0,0.0,0.0,0.0,red,-1.0,1.0,0.0,,,,,,,,,0,0,1,0,3,--,0.04946000000000006
2011-11-30 22:00:00,1.04592,1.04715,1.02553,1.04029,1.04687,1.04783,1.02575,1.0444,1541902,1.046395,1.04749,1.02564,1.042345,1.036565,0.56978085569,-0.22774947537,0.95180579084,0.99180655724,1.01515748448,,,0,0,0,0,,,0,0,0,0,0,0,0,0,0,0,0.00141708098,,,0,1,0,0.0,0.0,0.0,red,-1.0,1.0,0.0,,,,,,,,,0,0,1,0,3,--,0.021849999999999925
2011-12-31 22:00:00,1.04029,1.06885,1.03887,1.06449,1.0444,1.06899,1.03945,1.06508,1423399,1.042345,1.06892,1.03916,1.064785,1.05404,0.57018580445,-0.1373556244,0.95815919155,0.99566105008,1.01817698758,,,0,0,0,0,,,0,0,0,0,0,0,0,0,0,0,0.00209077005,,,0,1,0,0.0,0.0,0.0,gray,0.0,0.0,0.0,,,,1.0,1.06892,,,,0,0,0,1,2,-+,0.02976000000000001
2012-01-31 22:00:00,1.06449,1.0784,1.05981,1.06208,1.06508,1.07848,1.05992,1.06232,1217963,1.064785,1.07844,1.059865,1.0622,1.0691525,0.59654324893,-0.02317281691,0.96442386912,0.99933966882,1.02168859007,1.07844,,1,0,1,0,1.07844,,1,0,1,0,1,0,1,0,1,0,0.00152508738,,1.059865,-1,1,0,0.0,0.0,0.0,green,1.0,0.0,1.0,,,,,,,,,0,0,1,0,3,--,0.018575000000000008
2012-02-29 22:00:00,1.06208,1.06577,1.03111,1.03171,1.06232,1.06625,1.03124,1.03364,1773755,1.0622,1.06601,1.031175,1.032675,1.0485925,0.58591428543,-0.0057643561,0.96965568688,1.00320408522,1.02466387205,,,0,0,0,0,,,0,0,0,0,0,0,0,0,0,0,0.00196391272,,,0,1,0,0.0,0.0,0.0,gray,0.0,0.0,0.0,,,,,,,,,0,1,0,0,4,++,0.03483499999999995
2012-03-31 21:00:00,1.03171,1.04093,1.01558,1.02921,1.03364,1.04159,1.01572,1.03002,1384854,1.032675,1.04126,1.01565,1.029615,1.028455,0.54272585998,-0.06296930043,0.97373159558,1.00727044957,1.03053909764,,,0,0,0,0,,,0,0,0,0,0,0,0,0,0,0,0.00184929242,,,0,1,0,0.0,0.0,0.0,gray,0.0,0.0,0.0,,,,,,,,,0,0,1,0,3,--,0.025610000000000133
2012-04-30 21:00:00,1.02921,1.03018,0.99559,1.00494,1.03002,1.03034,0.99569,1.00571,1773550,1.029615,1.03026,0.99564,1.005325,1.01295,0.47647682026,-0.16185336837,0.97768224208,1.01093226837,1.03826177811,,0.9770579666666667,0,1,0,0,,,0,0,0,0,0,0,0,0,0,0,0.00195201714,,,0,1,0,0.0,0.0,0.0,red,-1.0,1.0,0.0,,,,,,,,,0,1,0,0,4,++,0.034619999999999984
2012-05-31 21:00:00,1.00494,1.04559,0.9995,1.04109,1.00571,1.04569,0.9996,1.04262,1958494,1.005325,1.04564,0.99955,1.041855,1.022595,0.39490500148,-0.25850872306,0.98172630038,1.01632073483,1.04032792249,,,0,0,0,0,,,0,0,0,0,0,0,0,0,0,0,0.00235333884,,,0,1,0,0.0,0.0,0.0,red,-1.0,1.0,0.0,,,,,,,,,0,1,0,0,4,++,0.04608999999999985
2012-06-30 21:00:00,1.04109,1.05534,1.03209,1.0535,1.04262,1.05562,1.03221,1.05391,1535669,1.041855,1.05548,1.03215,1.053705,1.043815,0.3233912513,-0.29359080745,0.98588081573,1.02292470547,1.03795333799,,,0,0,0,0,,,0,0,0,0,0,0,0,0,0,0,0.00151920759,,,0,1,0,0.0,0.0,0.0,red,-1.0,1.0,0.0,,,,,,,,,0,0,1,0,3,--,0.023330000000000073
2012-07-31 21:00:00,1.0535,1.05987,1.01715,1.0175,1.05391,1.06002,1.01725,1.01853,1088447,1.053705,1.059945,1.0172,1.018015,1.0385725,0.286205005,-0.24630669667,0.98977959914,1.02613317979,1.03295267039,1.059945,,1,0,0,0,,,0,0,0,0,0,0,0,0,0,0,0.00392715493,,,0,1,0,0.0,0.0,0.0,gray,0.0,0.0,0.0,,,,,,,,,0,0,0,1,2,-+,0.04274499999999981
2012-08-31 21:00:00,1.0175,1.02733,1.00486,1.02068,1.01853,1.02738,1.0055,1.02105,951786,1.018015,1.027355,1.00518,1.020865,1.0162675,0.25460745327,-0.19222673979,0.9947227069,1.02642340731,1.03088113632,,,0,0,0,0,,,0,0,0,0,0,0,0,0,0,0,0.00232983045,1.027355,,1,1,0,0.0,0.0,0.0,gray,0.0,0.0,0.0,,-0.19222673979,,,,,,,0,0,1,0,3,--,0.022175000000000056
2012-09-30 21:00:00,1.02068,1.03903,0.99229,1.03739,1.02105,1.03908,0.99311,1.03756,992539,1.020865,1.039055,0.9927,1.037475,1.0158775,0.24300616084,-0.11930697519,1.0004480756,1.0247392314,1.03346790905,,0.9741179666666667,0,1,0,1,,,0,0,0,0,0,0,0,0,0,0,0.00467034545,,,0,1,0,0.0,0.0,0.0,gray,0.0,0.0,0.0,,-0.11930697519,,,,,,,0,1,0,0,4,++,0.046355000000000035
2012-10-31 21:00:00,1.03739,1.047,1.02829,1.03648,1.03756,1.04712,1.02859,1.03729,849941,1.037475,1.04706,1.02844,1.036885,1.03775,0.24684890616,-0.04979264563,1.00415149286,1.02447120248,1.03448882724,,,0,0,0,0,,,0,0,0,0,0,0,0,0,0,0,0.0021907403,,,0,1,0,0.0,0.0,0.0,gray,0.0,0.0,0.0,,,,1.0,,,,,0,0,1,0,3,--,0.01862000000000008
2012-11-30 22:00:00,1.03648,1.04288,1.02698,1.0342,1.03729,1.04293,1.02711,1.03406,642949,1.036885,1.042905,1.027045,1.03413,1.034975,0.20677592501,-0.08459746459,1.00602099341,1.02688917717,1.03084456179,,,0,0,0,0,,,0,0,0,0,0,0,0,0,0,0,0.00246675864,,,0,1,0,0.0,0.0,0.0,gray,0.0,0.0,0.0,,,,,,,,,0,0,0,1,2,-+,0.015859999999999985
2012-12-31 22:00:00,1.0342,1.05469,1.02863,1.0398,1.03406,1.05522,1.02866,1.03992,836378,1.03413,1.054955,1.028645,1.03986,1.0418,0.18579214806,-0.08647008869,1.00655399392,1.02834959252,1.02785114943,,,0,0,0,0,,,0,0,0,0,0,0,0,0,0,0,0.00314570685,,1.028645,-1,1,0,0.0,0.0,0.0,red,-1.0,1.0,0.0,,,,,,,,,0,1,0,0,4,++,0.026310000000000056
2013-01-31 22:00:00,1.0398,1.05789,1.02406,1.05272,1.03992,1.05797,1.02415,1.05295,808746,1.03986,1.05793,1.024105,1.052835,1.0410175,0.20049758738,-0.03342642114,1.00778791746,1.02683933096,1.02983091955,,1.0055229666666667,0,0,0,0,,,0,0,0,0,0,0,0,0,0,0,0.0041824009,,,0,1,0,0.0,0.0,0.0,gray,0.0,0.0,0.0,,,,1.0,,,,,0,0,0,1,2,-+,0.033824999999999994
2013-02-28 22:00:00,1.05272,1.07175,1.04255,1.0602,1.05295,1.07181,1.04261,1.06095,764451,1.052835,1.07178,1.04258,1.060575,1.05718,0.23286951261,0.03805213706,1.0105592315,1.02546910209,1.03085973564,1.07178,,1,0,1,0,1.07178,,0,0,0,0,0,0,0,0,0,0,0.00381973469,,,0,1,0,0.0,0.0,0.0,green,1.0,0.0,1.0,,,,,,,,,0,0,1,0,3,--,0.029199999999999893
2013-03-31 21:00:00,1.0602,1.07155,1.04315,1.04455,1.06095,1.0716,1.04314,1.04483,887865,1.060575,1.071575,1.043145,1.04469,1.05736,0.2229436235,0.02736163764,1.01271409831,1.02700421433,1.03304778851,,,0,0,0,0,,,0,0,0,0,0,0,0,0,0,0,0.00320206338,,,0,1,0,0.0,0.0,0.0,gray,0.0,0.0,0.0,,,,,,,,,1,0,0,0,1,+-,0.028429999999999955
2013-04-30 21:00:00,1.04455,1.04505,0.98857,0.99206,1.04483,1.04551,0.98865,0.99268,1481579,1.04469,1.04528,0.98861,0.99237,1.016945,0.16568241272,-0.0745442844,1.0129874369,1.02800056253,1.03464173081,,,0,0,0,0,,,0,0,0,0,0,0,0,0,0,0,0.00382497322,,,0,1,0,0.0,0.0,0.0,red,-1.0,1.0,0.0,,,,,,,,,0,1,0,0,4,++,0.05667
2013-05-31 21:00:00,0.99206,1.0065,0.94826,0.95895,0.99268,1.00652,0.94832,0.96047,1707133,0.99237,1.00651,0.94829,0.95971,0.9774,0.04526099487,-0.26636694178,1.01320974945,1.02972549222,1.03914938465,,,0,0,0,0,,,0,0,0,0,0,0,0,0,0,0,0.00341039626,,,0,1,0,0.0,0.0,0.0,red,-1.0,1.0,0.0,,,,,,,,,1,0,0,0,1,+-,0.05822000000000005
2013-06-30 21:00:00,0.95895,0.97146,0.91986,0.92318,0.96047,0.97156,0.92004,0.92349,1683993,0.95971,0.97151,0.91995,0.923335,0.94573,-0.1102639322,-0.46038685596,1.01509746103,1.03113699319,1.04279150772,,,0,0,0,0,,,0,0,0,0,0,0,0,0,0,0,0.00306177045,,,0,0,1,-1.0,0.0,1.0,red,-1.0,1.0,0.0,,,,,,,,,0,0,1,0,3,--,0.05155999999999994
2013-07-31 21:00:00,0.92318,0.95352,0.91686,0.93764,0.92349,0.95362,0.91749,0.93912,1297154,0.923335,0.95357,0.917175,0.93838,0.9353725,-0.30265815094,-0.63760907578,1.01662650249,1.03439236904,1.03762220617,,0.8985929666666667,0,1,0,1,,0.8985929666666667,0,1,0,1,0,0,0,0,0,0,0.00280575784,0.95357,,1,0,1,0.0,0.0,0.0,red,-1.0,1.0,0.0,,,,,,,,,0,0,1,0,3,--,0.036395000000000066
2013-08-31 21:00:00,0.93764,0.97402,0.93764,0.96095,0.93912,0.97422,0.93912,0.96103,964707,0.93838,0.97412,0.93838,0.96099,0.95625,-0.46437982336,-0.68801290518,1.01856292537,1.03726332291,1.02557776494,,,0,0,0,0,,,0,0,0,0,0,0,0,0,0,0,0.00370475181,,,0,0,1,0.0,0.0,0.0,red,-1.0,1.0,0.0,,,,,,,,,0,0,0,1,2,-+,0.035739999999999994
2013-09-30 21:00:00,0.96095,1.00476,0.95936,0.98628,0.96103,1.00483,0.95972,0.98643,978723,0.96099,1.004795,0.95954,0.986355,0.9821675,-0.51999048508,-0.51861353513,1.02029020034,1.03472353255,1.00960821195,,,1,0,0,0,,,0,0,0,0,0,0,0,0,0,0,0.00462388234,,,0,0,1,0.0,0.0,0.0,gray,0.0,0.0,0.0,,,,,,,,,0,1,0,0,4,++,0.045255000000000156
2013-10-31 21:00:00,0.98628,0.99668,0.95853,0.96594,0.98643,0.9967,0.95862,0.96756,916051,0.986355,0.99669,0.958575,0.96675,0.9776325,-0.51533633593,-0.27596846363,1.02312787724,1.02755809098,0.99476106956,,,0,0,0,0,,,0,0,0,0,0,0,0,0,0,0,0.00416079454,,,0,0,1,0.0,0.0,0.0,gray,0.0,0.0,0.0,,,,,,,,,0,0,1,0,3,--,0.03811500000000001
2013-11-30 22:00:00,0.96594,0.97475,0.94225,0.94958,0.96756,0.97478,0.94233,0.94986,1820165,0.96675,0.974765,0.94229,0.94972,0.9585275,-0.48354974116,-0.05478790968,1.02576111745,1.01732957961,0.98705885565,,,0,0,0,0,,,0,0,0,0,0,0,0,0,0,0,0.00178417891,,,0,0,1,0.0,0.0,0.0,green,1.0,0.0,1.0,,,,,,,,,1,0,0,0,1,+-,0.03247500000000003
2013-12-31 22:00:00,0.94958,0.99001,0.94113,0.97395,0.94986,0.99012,0.94124,0.97568,2438814,0.94972,0.990065,0.941185,0.974815,0.965625,-0.42647292894,0.11526776824,1.02508295457,1.00708494466,0.98608058452,,0.9226029666666667,0,1,0,0,,,0,0,0,0,0,0,0,0,0,0,0.00200425289,,,0,0,1,0.0,0.0,0.0,green,1.0,0.0,1.0,,,,,,,,,0,1,0,0,4,++,0.048879999999999924
2014-01-31 22:00:00,0.97395,1.00593,0.96953,0.98828,0.97568,1.00599,0.9696,0.98879,2001532,0.974815,1.00596,0.969565,0.988535,0.9877625,-0.36474899704,0.20211976855,1.02141503499,1.00073057657,0.98439096762,,,0,0,0,0,,,0,0,0,0,0,0,0,0,0,0,0.00181835714,,,0,0,1,0.0,0.0,0.0,green,1.0,0.0,1.0,,,,,,,,,0,0,1,0,3,--,0.036394999999999955
2014-02-28 22:00:00,0.98828,1.03164,0.9825,1.0232,0.98879,1.03169,0.98274,1.024,2207123,0.988535,1.031665,0.98262,1.0236,1.0071425,-0.31526955579,0.21985526171,1.01559310922,0.998410192,0.97921827409,,,0,0,0,0,,,0,0,0,0,0,0,0,0,0,0,0.00222212355,,,0,0,1,0.0,0.0,0.0,green,1.0,0.0,1.0,,,,,,,,,0,1,0,0,4,++,0.049045000000000005
2014-03-31 21:00:00,1.0232,1.03499,1.01391,1.01762,1.024,1.03506,1.01425,1.01842,1763889,1.0236,1.035025,1.01408,1.01802,1.0245525,-0.23139181366,0.27614343037,1.00942229313,0.9958129805,0.97649961927,1.035025,,1,0,1,0,1.035025,,0,0,0,0,0,0,0,0,0,0,0.001187433,,1.01408,-1,0,1,0.0,0.0,0.0,green,1.0,0.0,1.0,,,,,,,,,0,0,1,0,3,--,0.02094499999999999
2014-04-30 21:00:00,1.01762,1.02642,1.00093,1.00941,1.01842,1.0265,1.001,1.01081,1493527,1.01802,1.02646,1.000965,1.01011,1.0137125,-0.13248113335,0.33577313,1.00533211673,0.99115229544,0.97875219542,,,0,0,0,0,,,0,0,0,0,0,0,0,0,0,0,0.00170703308,,,0,0,1,0.0,0.0,0.0,green,1.0,0.0,1.0,,,,,,,,,0,0,0,1,2,-+,0.025494999999999823
2014-05-31 21:00:00,1.00941,1.02424,1.00276,1.00608,1.01081,1.0243,1.00288,1.00686,1431268,1.01011,1.02427,1.00282,1.00647,1.013545,-0.04838999603,0.35338248435,1.00355022314,0.98796138351,0.98443025634,,,0,0,0,0,,,0,0,0,0,0,0,0,0,0,0,0.00149867111,,,0,0,1,0.0,0.0,0.0,green,1.0,0.0,1.0,,,,,,,,,0,0,1,0,3,--,0.02144999999999997
2014-06-30 21:00:00,1.00608,1.01922,0.99372,1.0135,1.00686,1.01935,0.99376,1.0143,1687943,1.00647,1.019285,0.99374,1.0139,1.0065125,-0.01171677688,0.28287229457,1.00155655213,0.98793652307,0.99245470507,,,0,0,0,0,,,0,0,0,0,0,0,0,0,0,0,0.00151338049,,,0,0,1,0.0,0.0,0.0,gray,0.0,0.0,0.0,,,,,,,,,0,1,0,0,4,++,0.02554500000000004
2014-07-31 21:00:00,1.0135,1.0235,1.01047,1.01399,1.0143,1.0236,1.01054,1.01449,1728719,1.0139,1.02355,1.010505,1.01424,1.0170275,0.00847932075,0.19029375894,0.99824662504,0.99033727019,0.99670626405,,,0,0,0,0,,,0,0,0,0,0,0,0,0,0,0,0.000754605,,1.010505,-1,1,0,1.0,1.0,0.0,gray,0.0,0.0,0.0,0.19029375894,,,,,,,,1,0,0,0,1,+-,0.013044999999999973
2014-08-31 21:00:00,1.01399,1.02337,0.97056,0.97924,1.01449,1.0242,0.97072,0.97974,2931427,1.01424,1.023785,0.97064,0.97949,0.9972125,-0.02852328016,0.02909716794,0.99573726927,0.99461417391,1.00007401124,1.023785,,0,0,0,0,,,0,0,0,0,0,0,0,0,0,0,0.00181293957,,,0,0,1,-1.0,0.0,1.0,gray,0.0,0.0,0.0,,,-0.87639397272,,,,,,0,1,0,0,4,++,0.053145
2014-09-30 21:00:00,0.97924,0.99605,0.96854,0.99085,0.97974,0.99615,0.96863,0.99163,3857583,0.97949,0.9961,0.968585,0.99124,0.9823425,-0.06846420735,-0.08050077006,0.99512382548,0.99700146467,1.00136170899,,,0,0,0,0,,,0,0,0,0,0,0,0,0,0,0,0.00071327046,0.9961,,1,0,1,0.0,0.0,0.0,red,-1.0,1.0,0.0,,,,,,,,,1,0,0,0,1,+-,0.027514999999999956
2014-10-31 21:00:00,0.99085,0.99867,0.95667,0.96718,0.99163,0.99899,0.95677,0.96893,3042714,0.99124,0.99883,0.95672,0.968055,0.977775,-0.11038280587,-0.14184075136,0.9960483389,0.99906940659,1.0044948672,,,0,0,0,0,,,0,0,0,0,0,0,0,0,0,0,0.00138396182,,,0,0,1,0.0,0.0,0.0,red,-1.0,1.0,0.0,,,,,,,,,0,0,0,1,2,-+,0.04210999999999998
2014-11-30 22:00:00,0.96718,0.96997,0.93965,0.94785,0.96893,0.97017,0.93979,0.94819,2991204,0.968055,0.97007,0.93972,0.94802,0.954895,-0.16981750945,-0.19963689966,0.99824096668,0.99999979327,1.00303839376,,0.9211379666666667,0,1,0,1,,,0,0,0,0,0,0,0,0,0,0,0.0010146416,,,0,0,1,0.0,0.0,0.0,red,-1.0,1.0,0.0,,,,,,,,,0,0,1,0,3,--,0.030349999999999988
2014-12-31 22:00:00,0.94785,1.00835,0.94571,0.98779,0.94819,1.01179,0.94583,0.98949,3551822,0.94802,1.01007,0.94577,0.98864,0.97792,-0.21883777446,-0.20702770573,0.99943108463,1.00212825661,0.99889921501,1.01007,,1,0,0,0,,,0,0,0,0,0,0,0,0,0,0,0.00181033847,,,0,0,1,0.0,0.0,0.0,red,-1.0,1.0,0.0,,,,,,,,,0,1,0,0,4,++,0.06430000000000002
2015-01-31 22:00:00,0.98779,0.99652,0.9589,0.97599,0.98949,0.99672,0.95905,0.97733,3206591,0.98864,0.99662,0.958975,0.97666,0.9777975,-0.23926458995,-0.16189249332,1.00051677043,1.00151378703,0.994674372,,,0,0,0,0,,,0,0,0,0,0,0,0,0,0,0,0.0011739882,,,0,0,1,0.0,0.0,0.0,gray,0.0,0.0,0.0,,,,,,,,,0,0,1,0,3,--,0.03764499999999993
2015-02-28 22:00:00,0.97599,0.98813,0.96258,0.96458,0.97733,0.98846,0.96285,0.9654,3882108,0.97666,0.988295,0.962715,0.96499,0.975505,-0.24153662113,-0.09468778739,1.00097798039,0.99911737615,0.9867184976,,,0,0,0,0,,,0,0,0,0,0,0,0,0,0,0,0.00065892036,,,0,0,1,0.0,0.0,0.0,gray,0.0,0.0,0.0,,-0.09468778739,,,,,,,1,0,0,0,1,+-,0.025580000000000047
2015-03-31 21:00:00,0.96458,0.97132,0.94096,0.9535,0.9654,0.97181,0.94109,0.95483,4394078,0.96499,0.971565,0.941025,0.954165,0.956295,-0.26156162602,-0.07347074813,1.00221255882,0.99644957913,0.98495879808,,,0,0,0,0,,,0,0,0,0,0,0,0,0,0,0,0.00069502635,,,0,0,1,0.0,0.0,0.0,gray,0.0,0.0,0.0,,-0.07347074813,,,,,,,0,1,0,0,4,++,0.03054000000000001
2015-04-30 21:00:00,0.9535,0.97474,0.94312,0.94918,0.95483,0.9749,0.9443,0.95049,4091575,0.954165,0.97482,0.94371,0.949835,0.959265,-0.23287478472,0.01234339785,1.00182793891,0.99125525674,0.98352653847,,,0,0,0,0,,,0,0,0,0,0,0,0,0,0,0,0.0007603429,,,0,0,1,0.0,0.0,0.0,gray,0.0,0.0,0.0,,,,,,,,,0,0,0,1,2,-+,0.03110999999999997
2015-05-31 21:00:00,0.94918,0.97172,0.93647,0.96252,0.95049,0.97186,0.93731,0.96334,4109682,0.949835,0.97179,0.93689,0.96293,0.95434,-0.25198281792,-0.01358689287,1.000329059,0.98958834965,0.98192223077,,,0,0,0,0,,,0,0,0,0,0,0,0,0,0,0,0.00084921412,0.97179,,1,0,1,0.0,0.0,0.0,gray,0.0,0.0,0.0,,,,,,,,,0,1,0,0,4,++,0.03490000000000004
2015-06-30 21:00:00,0.96252,0.9664,0.9373,0.95547,0.96334,0.96663,0.93938,0.95766,4012292,0.96293,0.966515,0.93834,0.956565,0.9524275,-0.27926627201,-0.05365547733,0.99859413138,0.98811449344,0.97679678462,,,0,0,0,0,,,0,0,0,0,0,0,0,0,0,0,0.00070221709,,,0,0,1,0.0,0.0,0.0,red,-1.0,1.0,0.0,,,,,,,,,0,0,1,0,3,--,0.02817500000000006
2015-07-31 21:00:00,0.95547,0.97485,0.93292,0.93439,0.95766,0.975,0.93314,0.93521,4520719,0.956565,0.974925,0.93303,0.9348,0.9539775,-0.30047700102,-0.07323490298,0.99523265974,0.98653830676,0.97329042769,,,1,0,0,0,,,0,0,0,0,0,0,0,0,0,0,0.00092673311,,,0,0,1,0.0,0.0,0.0,red,-1.0,1.0,0.0,,,,,,,,,0,1,0,0,4,++,0.041895000000000016
2015-08-31 21:00:00,0.93439,0.95196,0.91337,0.93372,0.93521,0.95246,0.91515,0.93425,4390114,0.9348,0.95221,0.91426,0.933985,0.933235,-0.31360532434,-0.07888595324,0.99390091668,0.98275789342,0.96950034216,,0.8956779666666667,0,1,0,1,,0.8956779666666667,0,1,0,1,0,1,0,0,0,0,0.00086444224,0.95221,,1,0,1,0.0,0.0,0.0,red,-1.0,1.0,0.0,,,,,,,,,0,0,1,0,3,--,0.03795000000000004
2015-09-30 21:00:00,0.93372,0.95832,0.92454,0.93192,0.93425,0.95846,0.92511,0.93357,6196687,0.933985,0.95839,0.924825,0.932745,0.9416075,-0.32030932261,-0.05648003738,0.99266219232,0.97982128174,0.96608577372,,,0,0,0,0,,,0,0,0,0,0,0,0,0,0,0,0.00054166041,,,0,0,1,0.0,0.0,0.0,gray,0.0,0.0,0.0,,,,,,0.924825,,,1,0,0,0,1,+-,0.033564999999999956
2015-10-31 21:00:00,0.93192,0.96795,0.92968,0.96552,0.93357,0.96806,0.93029,0.96601,5348810,0.932745,0.968005,0.929985,0.965765,0.948995,-0.30613511179,-0.00452258258,0.9913424083,0.97663612152,0.96366411898,,,0,0,0,0,,,0,0,0,0,0,0,0,0,0,0,0.00071081231,,,0,0,1,0.0,0.0,0.0,gray,0.0,0.0,0.0,,,,,,,,,0,0,0,1,2,-+,0.038020000000000054
2015-11-30 22:00:00,0.96552,1.01691,0.96368,1.00741,0.96601,1.01713,0.9641,1.00832,5548468,0.965765,1.01702,0.96389,1.007865,0.990455,-0.22852215042,0.13566182736,0.98864645381,0.97361004383,0.95757829518,1.01702,,1,0,1,0,1.01702,,0,0,0,0,0,0,0,0,0,0,0.00095756162,,,0,0,1,0.0,0.0,0.0,green,1.0,0.0,1.0,,,,,,,,,0,1,0,0,4,++,0.05313000000000001
2015-12-31 22:00:00,1.00741,1.01181,0.98216,0.98891,1.00832,1.01226,0.98263,0.99037,7829968,1.007865,1.012035,0.982395,0.98964,0.997215,-0.13965435,0.25348612371,0.98638634198,0.97115597585,0.95438413615,,,0,0,0,0,,,0,0,0,0,0,0,0,0,0,0,0.00037854561,,,0,0,1,0.0,0.0,0.0,green,1.0,0.0,1.0,,,,,,,,,1,0,0,0,1,+-,0.02964
2016-01-31 22:00:00,0.98891,0.99653,0.96098,0.96636,0.99037,0.99666,0.96184,0.96762,8492498,0.98964,0.996595,0.96141,0.96699,0.9790025,-0.04184993548,0.34377824984,0.98392123875,0.96641585387,0.95330630892,,,0,0,0,0,,,0,0,0,0,0,0,0,0,0,0,0.00041430684,,,0,0,1,0.0,0.0,0.0,green,1.0,0.0,1.0,,,,,,,,,0,1,0,0,4,++,0.03518500000000002
2016-02-29 22:00:00,0.96636,1.00537,0.95977,0.99551,0.96762,1.00552,0.95988,0.99611,7816598,0.96699,1.005445,0.959825,0.99581,0.982635,0.03680426891,0.35880462761,0.98149864346,0.96331480964,0.96073604713,,,0,0,0,0,,,0,0,0,0,0,0,0,0,0,0,0.00058362986,,,0,1,0,1.0,1.0,0.0,green,1.0,0.0,1.0,,,,,,,,,0,0,0,1,2,-+,0.04561999999999988
2016-03-31 21:00:00,0.99551,1.0026,0.95251,0.95399,0.99611,1.00295,0.95261,0.95544,7581450,0.99581,1.002775,0.95256,0.954715,0.9776675,0.08568570152,0.29754216586,0.97938163243,0.96152483343,0.96803183771,,,0,0,0,0,,,0,0,0,0,0,0,0,0,0,0,0.00066234032,,,0,1,0,0.0,0.0,0.0,gray,0.0,0.0,0.0,,,,,,,,,0,0,0,1,2,-+,0.05021500000000001
2016-04-30 21:00:00,0.95399,0.96535,0.93238,0.94675,0.95544,0.96614,0.93268,0.94744,5680518,0.954715,0.965745,0.93253,0.947095,0.9491375,0.01429459081,0.04828758732,0.97583189147,0.96514110425,0.97022597017,,0.9139479666666667,0,1,0,1,,,0,0,0,0,0,0,0,0,0,0,0.0005847178,,,0,1,0,0.0,0.0,0.0,gray,0.0,0.0,0.0,,,,,,,,,0,0,1,0,3,--,0.033214999999999995
2016-05-31 21:00:00,0.94675,0.9745,0.93897,0.96245,0.94744,0.97629,0.93911,0.96364,5933356,0.947095,0.975395,0.93904,0.963045,0.9572175,-0.05947185945,-0.13831486366,0.97319924597,0.96915034122,0.97270777613,,,0,0,0,0,,,0,0,0,0,0,0,0,0,0,0,0.00061272238,,,0,0,1,-1.0,0.0,1.0,red,-1.0,1.0,0.0,,,,,,,,,0,1,0,0,4,++,0.036355000000000026
2016-06-30 21:00:00,0.96245,0.99714,0.95981,0.98921,0.96364,0.99725,0.96154,0.99118,5252027,0.963045,0.997195,0.960675,0.990195,0.978935,-0.06528223397,-0.1406502576,0.9713373809,0.97038186107,0.97369972091,,,0,0,0,0,,,0,0,0,0,0,0,0,0,0,0,0.00069535058,,,0,0,1,0.0,0.0,0.0,red,-1.0,1.0,0.0,,,,,,,,,0,0,0,1,2,-+,0.03652000000000011
2016-07-31 21:00:00,0.98921,1.01206,0.97611,0.98451,0.99118,1.01327,0.97623,0.98573,5158375,0.990195,1.012665,0.97617,0.98512,0.9944175,-0.0482430044,-0.06990015367,0.97280796698,0.97191350344,0.96878727672,,,0,0,0,0,,,0,0,0,0,0,0,0,0,0,0,0.00070749025,,0.97617,-1,0,1,0.0,0.0,0.0,gray,0.0,0.0,0.0,,,,,,,,,0,0,0,1,2,-+,0.036494999999999944
2016-08-31 21:00:00,0.98451,1.01572,0.97915,1.00495,0.98573,1.01587,0.97926,1.00644,5814105,0.98512,1.015795,0.979205,1.005695,0.9975,-0.01937352192,0.0337487585,0.97468543106,0.97263275301,0.96647332138,,,0,0,0,0,,,0,0,0,0,0,0,0,0,0,0,0.0006293316,,,0,0,1,0.0,0.0,0.0,green,1.0,0.0,1.0,,,,,,,,,1,0,0,0,1,+-,0.03659000000000001
2016-09-30 21:00:00,1.00495,1.0286,0.99573,1.02004,1.00644,1.02865,0.99586,1.02051,4696890,1.005695,1.028625,0.995795,1.020275,1.01221,0.07482426278,0.20432824116,0.97501751329,0.96969584638,0.9689656571,,,0,0,0,0,,,0,0,0,0,0,0,0,0,0,0,0.00069897315,,,0,1,0,1.0,1.0,0.0,green,1.0,0.0,1.0,,,,,,,,,0,0,0,1,2,-+,0.032829999999999915
2016-10-31 21:00:00,1.02004,1.03974,0.98606,0.99204,1.02051,1.03981,0.98617,0.99246,6793632,1.020275,1.039775,0.986115,0.99225,1.012945,0.15808027174,0.28691598784,0.9756034738,0.96813605308,0.97405602568,1.039775,,1,0,1,0,1.039775,,1,0,1,0,1,0,0,0,0,0,0.00078985733,,0.986115,-1,1,0,0.0,0.0,0.0,green,1.0,0.0,1.0,,,,,,,,,0,1,0,0,4,++,0.05365999999999993
2016-11-30 22:00:00,0.99204,0.99393,0.96602,0.96738,0.99246,0.99405,0.96806,0.96969,4115969,0.99225,0.99399,0.96704,0.968535,0.980515,0.16259709481,0.20159898947,0.97576224505,0.96948592145,0.97874482055,,,0,0,0,0,,,0,0,0,0,0,0,0,0,0,0,0.00065476684,,,0,1,0,0.0,0.0,0.0,gray,0.0,0.0,0.0,,,,,,,,,0,0,1,0,3,--,0.02695000000000003
2016-12-31 22:00:00,0.96738,1.01017,0.96449,0.98809,0.96969,1.01029,0.96456,0.98891,5045146,0.968535,1.01023,0.964525,0.9885,0.9873775,0.15554074342,0.10224766538,0.97371418774,0.97260236877,0.98543785644,,0.9459429666666667,0,1,0,1,,,0,0,0,0,0,0,0,0,0,0,0.00090592026,,,0,1,0,0.0,0.0,0.0,gray,0.0,0.0,0.0,,,,,,,,,0,1,0,0,4,++,0.045704999999999996
2017-01-31 22:00:00,0.98809,1.0205,0.98732,1.01793,0.98891,1.02069,0.98741,1.01854,2652901,0.9885,1.020595,0.987365,1.018235,1.00398,0.17176794151,0.05653136931,0.97244521176,0.97571457267,0.99093928515,,,0,0,0,0,,,0,0,0,0,0,0,0,0,0,0,0.00125259103,,,0,1,0,0.0,0.0,0.0,gray,0.0,0.0,0.0,,,,,,,,,0,0,0,1,2,-+,0.03322999999999987
2017-02-28 22:00:00,1.01793,1.03333,1.01029,1.01576,1.01854,1.03347,1.01042,1.01692,2842394,1.018235,1.0334,1.010355,1.01634,1.0218775,0.18622207661,0.04027083433,0.97294442624,0.98027650109,0.98885442812,,,0,0,0,0,,,0,0,0,0,0,0,0,0,0,0,0.00081076023,,1.010355,-1,1,0,0.0,0.0,0.0,gray,0.0,0.0,0.0,0.04027083433,,,,,,,,1,0,0,0,1,+-,0.023045000000000204
2017-03-31 21:00:00,1.01576,1.02673,0.99251,1.02055,1.01692,1.02682,0.99264,1.02116,2021716,1.01634,1.026775,0.992575,1.020855,1.009675,0.18161123413,0.02091087354,0.97459620114,0.98436006345,0.9885590425,,,0,0,0,0,,,0,0,0,0,0,0,0,0,0,0,0.00169163226,,,0,1,0,0.0,0.0,0.0,gray,0.0,0.0,0.0,,,,,1.026775,,,,0,0,0,1,2,-+,0.03420000000000001
2017-04-30 21:00:00,1.02055,1.03457,0.9993,1.00316,1.02116,1.03469,0.99943,1.00354,2934928,1.020855,1.03463,0.999365,1.00335,1.0169975,0.24126046264,0.11216552543,0.97635803182,0.98387943052,0.991643234,1.03463,,1,0,1,0,,,0,0,0,0,0,0,0,0,0,0,0.0012015627,,0.999365,-1,1,0,0.0,0.0,0.0,gray,0.0,0.0,0.0,,,,,,,,,1,0,0,0,1,+-,0.03526499999999999
2017-05-31 21:00:00,1.00316,1.02113,0.992,0.99589,1.00354,1.02119,0.99206,0.99705,3120345,1.00335,1.02116,0.99203,0.99647,1.006595,0.27668695176,0.1354323987,0.97911587553,0.9843166892,0.9976900872,,,0,0,0,0,,,0,0,0,0,0,0,0,0,0,0,0.00093355062,,,0,1,0,0.0,0.0,0.0,green,1.0,0.0,1.0,,,,,,,,,1,0,0,0,1,+-,0.0291300000000001
2017-06-30 21:00:00,0.99589,1.00574,0.97347,0.99861,0.99705,1.00635,0.97365,0.99899,3237795,0.99647,1.006045,0.97356,0.9988,0.9898025,0.25434397297,0.05468858449,0.98171811587,0.98677460305,1.00008706976,,,0,0,0,0,,,0,0,0,0,0,0,0,0,0,0,0.00100330626,,,0,1,0,0.0,0.0,0.0,gray,0.0,0.0,0.0,,,,,,,,,0,1,0,0,4,++,0.0324850000000001
2017-07-31 21:00:00,0.99861,1.00741,0.98699,0.99174,0.99899,1.00751,0.9871,0.99201,3451288,0.9988,1.00746,0.987045,0.991875,0.9972525,0.20856191724,-0.04972644622,0.9816255685,0.99116246517,1.00346915581,,,0,0,0,0,,,0,0,0,0,0,0,0,0,0,0,0.0005915183,,,0,1,0,0.0,0.0,0.0,red,-1.0,1.0,0.0,,,,,,,,,1,0,0,0,1,+-,0.020415000000000072
2017-08-31 21:00:00,0.99174,0.99259,0.96755,0.97577,0.99201,0.99297,0.96866,0.97703,3563353,0.991875,0.99278,0.968105,0.9764,0.9804425,0.15798763312,-0.14499771693,0.98206802477,0.99347653203,1.00409432465,,,0,0,0,0,,,0,0,0,0,0,0,0,0,0,0,0.00069246578,,,0,1,0,0.0,0.0,0.0,red,-1.0,1.0,0.0,,,,,,,,,0,1,0,0,4,++,0.024675000000000002
2017-09-30 21:00:00,0.97577,0.98885,0.96944,0.98664,0.97703,0.98891,0.97004,0.98696,3433890,0.9764,0.98888,0.96974,0.9868,0.97931,0.08751951938,-0.22753214936,0.98375356132,0.99641665302,1.00123595972,,,0,0,0,0,,,0,0,0,0,0,0,0,0,0,0,0.00055738536,,,0,1,0,0.0,0.0,0.0,red,-1.0,1.0,0.0,,,,,,,,,0,0,1,0,3,--,0.019139999999999935
2017-10-31 21:00:00,0.98664,0.99167,0.96119,0.97544,0.98696,0.99176,0.96126,0.97623,2707965,0.9868,0.991715,0.961225,0.975835,0.97647,0.036455305,-0.23380304305,0.98668617199,0.99768894639,1.00043926777,,,0,0,0,0,,,0,0,0,0,0,0,0,0,0,0,0.00112593774,,,0,1,0,0.0,0.0,0.0,red,-1.0,1.0,0.0,,,,,,,,,0,0,0,1,2,-+,0.030490000000000017
2017-11-30 22:00:00,0.97544,0.98818,0.95789,0.98165,0.97623,0.98826,0.95797,0.98292,2352932,0.975835,0.98822,0.95793,0.982285,0.973075,0.00908435889,-0.18875192319,0.98845454338,0.9967031406,0.99643991422,,0.9393479666666666,0,1,0,0,,,0,0,0,0,0,0,0,0,0,0,0.00128733002,0.98822,,1,1,0,0.0,0.0,0.0,gray,0.0,0.0,0.0,,,,,,,,,0,0,0,1,2,-+,0.03029000000000004
2017-12-31 22:00:00,0.98165,1.00099,0.97107,0.99159,0.98292,1.00108,0.97118,0.99235,3770592,0.982285,1.001035,0.971125,0.99197,0.98608,-0.0126437907,-0.14197195034,0.99065015543,0.99677181052,0.99301393137,,,0,0,0,0,,,0,0,0,0,0,0,0,0,0,0,0.00079324414,,,0,0,1,-1.0,0.0,1.0,gray,0.0,0.0,0.0,,-0.14197195034,,,,,,,1,0,0,0,1,+-,0.02990999999999988
2018-01-31 22:00:00,0.99159,0.99922,0.97828,0.99559,0.99235,0.99928,0.97843,0.99636,4068164,0.99197,0.99925,0.978355,0.995975,0.9888025,-0.00653303107,-0.06090251228,0.99187668193,0.99473064671,0.9897051451,,,0,0,0,0,,,0,0,0,0,0,0,0,0,0,0,0.00051362236,,,0,0,1,0.0,0.0,0.0,gray,0.0,0.0,0.0,,,,,,,,,1,0,0,0,1,+-,0.020894999999999997
2018-02-28 22:00:00,0.99559,1.02428,0.98734,0.99014,0.99636,1.02432,0.98745,0.99111,3895534,0.995975,1.0243,0.987395,0.990625,1.0058475,0.02707608417,0.03405341139,0.99171712947,0.99280306587,0.98637911608,1.0243,,1,0,1,0,1.0243,,0,0,0,0,0,0,0,0,0,0,0.00094736691,,0.987395,-1,1,0,1.0,1.0,0.0,green,1.0,0.0,1.0,,,,,,,,,0,0,0,1,2,-+,0.036904999999999966
2018-03-31 21:00:00,0.99014,0.99254,0.96597,0.96665,0.99111,0.9933,0.96609,0.96726,3192966,0.990625,0.99292,0.96603,0.966955,0.979475,0.02589588323,0.03598936574,0.99214292721,0.99076143263,0.98631929286,,,0,0,0,0,,,0,0,0,0,0,0,0,0,0,0,0.00084216368,,,0,1,0,0.0,0.0,0.0,gray,0.0,0.0,0.0,,,,,,,,,0,0,1,0,3,--,0.02688999999999997
2018-04-30 21:00:00,0.96665,0.98384,0.9554,0.98044,0.96726,0.98394,0.95552,0.98066,4436472,0.966955,0.98389,0.95546,0.98055,0.969675,0.01576149447,0.01215611979,0.99124289435,0.98855062855,0.98681593429,,0.9368779666666667,0,0,0,0,,,0,0,0,0,0,0,0,0,0,0,0.00064082451,0.98389,,1,1,0,0.0,0.0,0.0,gray,0.0,0.0,0.0,,,,,,,,,1,0,0,0,1,+-,0.028430000000000066
2018-05-31 21:00:00,0.98044,0.99342,0.971,0.97238,0.98066,0.99395,0.97105,0.97355,4352775,0.98055,0.993685,0.971025,0.972965,0.982355,0.00227805645,-0.02206250319,0.9903249794,0.98824179999,0.99062224743,0.993685,,0,0,0,0,,,0,0,0,0,0,0,0,0,0,0,0.00052058744,,,0,1,0,0.0,0.0,0.0,red,-1.0,1.0,0.0,,,,,,,,,0,0,1,0,3,--,0.022660000000000013
2018-06-30 21:00:00,0.97238,0.98134,0.9626,0.96535,0.97355,0.9814,0.96267,0.96639,5095233,0.972965,0.98137,0.962635,0.96587,0.9720025,-0.03613496116,-0.08957926966,0.98925921175,0.98831188749,0.98839279795,,,0,0,0,0,,,0,0,0,0,0,0,0,0,0,0,0.00036769663,,,0,0,1,-1.0,0.0,1.0,red,-1.0,1.0,0.0,,,,,,,,,1,0,0,0,1,+-,0.018734999999999946
2018-07-31 21:00:00,0.96535,0.97067,0.93625,0.93765,0.96639,0.97072,0.93635,0.93848,4758111,0.96587,0.970695,0.9363,0.938065,0.9534975,-0.12848989009,-0.21683408578,0.98801427238,0.99050383905,0.98464923836,,,0,0,0,0,,,0,0,0,0,0,0,0,0,0,0,0.0007228709,,,0,0,1,0.0,0.0,0.0,red,-1.0,1.0,0.0,,,,,,,,,0,0,0,1,2,-+,0.03439499999999995
2018-08-31 21:00:00,0.93765,0.95176,0.9271,0.9283,0.93848,0.95184,0.92718,0.9292,4041841,0.938065,0.9518,0.92714,0.92875,0.93947,-0.19439360618,-0.26222773148,0.9878654822,0.98912523417,0.98419039069,,,0,0,0,0,,,0,0,0,0,0,0,0,0,0,0,0.00061011801,,,0,0,1,0.0,0.0,0.0,red,-1.0,1.0,0.0,,,,,,,,,0,0,1,0,3,--,0.024660000000000015
2018-09-30 21:00:00,0.9283,0.93657,0.91049,0.93035,0.9292,0.9366,0.91054,0.9306,6075460,0.92875,0.936585,0.910515,0.930475,0.92355,-0.25633972013,-0.2778658147,0.98793756049,0.9866939549,0.98175281255,,0.8919329666666667,0,1,0,1,,0.8919329666666667,0,0,0,0,0,0,0,0,0,0,0.00042910331,0.936585,,1,0,1,0.0,0.0,0.0,red,-1.0,1.0,0.0,,,,,,,,,1,0,0,0,1,+-,0.026070000000000038
2018-10-31 21:00:00,0.93035,0.97487,0.93035,0.97107,0.9306,0.97495,0.9306,0.97194,5977570,0.930475,0.97491,0.930475,0.971505,0.9526925,-0.29580088471,-0.23598631921,0.98931524815,0.98615158554,0.97610175004,,,0,0,0,0,,,0,0,0,0,0,0,0,0,0,0,0.00074336227,,,0,0,1,0.0,0.0,0.0,gray,0.0,0.0,0.0,,,,,,,,,0,0,0,1,2,-+,0.044435
2018-11-30 22:00:00,0.97107,0.9775,0.95579,0.96098,0.97194,0.97796,0.95643,0.96111,5002376,0.971505,0.97773,0.95611,0.961045,0.96692,-0.30144418335,-0.13745484525,0.98855830598,0.98438294984,0.96877540003,,,1,0,0,0,,,0,0,0,0,0,0,0,0,0,0,0.00043219462,,,0,0,1,0.0,0.0,0.0,gray,0.0,0.0,0.0,,-0.13745484525,,,,,,,0,0,1,0,3,--,0.021619999999999973
2018-12-31 22:00:00,0.96098,0.96098,0.92816,0.95435,0.96111,0.96111,0.92885,0.95509,5510245,0.961045,0.961045,0.928505,0.95472,0.944775,-0.30683002696,-0.07453119059,0.98710574398,0.98052226861,0.95973032002,,0.9099229666666667,0,0,0,0,,,0,0,0,0,0,0,0,0,0,0,0.00059053636,,,0,0,1,0.0,0.0,0.0,gray,0.0,0.0,0.0,,-0.07453119059,,,,,,,0,1,0,0,4,++,0.03254000000000001
2019-01-31 22:00:00,0.95435,0.95536,0.93183,0.93425,0.95509,0.95543,0.93188,0.93469,4586663,0.95472,0.955395,0.931855,0.93447,0.943625,-0.29119029328,-0.0018062682,0.98674030214,0.97539073504,0.95832275602,,,0,0,0,0,,,0,0,0,0,0,0,0,0,0,0,0.00051322715,,,0,0,1,0.0,0.0,0.0,gray,0.0,0.0,0.0,,,,,,,,,0,0,1,0,3,--,0.023540000000000005
2019-02-28 22:00:00,0.93425,0.95631,0.9316,0.95049,0.93469,0.95635,0.93164,0.95114,5228115,0.93447,0.95633,0.93162,0.950815,0.943975,-0.25502545679,0.07279482562,0.98560662505,0.96891064316,0.96004220482,,,0,0,0,0,,,0,0,0,0,0,0,0,0,0,0,0.00047263689,0.95633,,1,0,1,0.0,0.0,0.0,green,1.0,0.0,1.0,,,,,,,,,1,0,0,0,1,+-,0.02471000000000001
2019-03-31 21:00:00,0.95049,0.96148,0.9415,0.94355,0.95114,0.96155,0.94158,0.944,3978977,0.950815,0.961515,0.94154,0.943775,0.9515275,-0.25558580746,0.05491780449,0.98313669236,0.96688337526,0.95698876385,,,1,0,0,0,,,0,0,0,0,0,0,0,0,0,0,0.00050201346,,,0,0,1,0.0,0.0,0.0,gray,0.0,0.0,0.0,,,-0.87639397272,,,,,,0,0,0,1,2,-+,0.019974999999999965
2019-04-30 21:00:00,0.94355,0.94595,0.92014,0.93737,0.944,0.94623,0.92017,0.93785,4805509,0.943775,0.94609,0.920155,0.93761,0.9331225,-0.30178222644,-0.0409337152,0.97977771602,0.96688795335,0.95431601108,,,0,0,0,0,,,0,0,0,0,0,0,0,0,0,0,0.00053969309,0.94609,,1,0,1,0.0,0.0,0.0,red,-1.0,1.0,0.0,,,,,,,,,0,1,0,0,4,++,0.02593500000000004
2019-05-31 21:00:00,0.93737,0.93961,0.91054,0.9195,0.93785,0.93965,0.91057,0.9199,6202877,0.93761,0.93963,0.910555,0.9197,0.9250925,-0.31797917263,-0.06995612842,0.9754525071,0.96412383419,0.95224780887,,,0,0,0,0,,,0,0,0,0,0,0,0,0,0,0,0.00046873411,,,0,0,1,0.0,0.0,0.0,red,-1.0,1.0,0.0,,,,,,,,,1,0,0,0,1,+-,0.029074999999999962
2019-06-30 21:00:00,0.9195,0.92472,0.90161,0.90285,0.9199,0.92473,0.90167,0.903,4222888,0.9197,0.924725,0.90164,0.902925,0.9131825,-0.3487812624,-0.11002633004,0.97370173732,0.96156147991,0.95210374709,,,0,0,0,0,,,0,0,0,0,0,0,0,0,0,0,0.0005466638,,,0,0,1,0.0,0.0,0.0,red,-1.0,1.0,0.0,,,,,,,,,0,0,0,1,2,-+,0.023085000000000022
2019-07-31 21:00:00,0.90285,0.9068,0.8889,0.89637,0.903,0.90686,0.88902,0.89729,7357108,0.902925,0.90683,0.88896,0.89683,0.897895,-0.39874812338,-0.15412441847,0.97318006522,0.95936316992,0.94830749767,,,0,0,0,0,,,0,0,0,0,0,0,0,0,0,0,0.00024289435,,,0,0,1,0.0,0.0,0.0,red,-1.0,1.0,0.0,,,,,,,,,1,0,0,0,1,+-,0.017870000000000053
2019-08-31 21:00:00,0.89637,0.91441,0.89222,0.89365,0.89729,0.91468,0.89226,0.8938,4642737,0.89683,0.914545,0.89224,0.893725,0.9033925,-0.45341884204,-0.18550940441,0.9709950602,0.95838371118,0.94366449814,,,0,0,0,0,,,0,0,0,0,0,0,0,0,0,0,0.00048042782,,,0,0,1,0.0,0.0,0.0,red,-1.0,1.0,0.0,,,,,,,,,0,0,0,1,2,-+,0.02230500000000002
2019-09-30 21:00:00,0.89365,0.91199,0.88355,0.9074,0.8938,0.91206,0.88358,0.9076,4230205,0.893725,0.912025,0.883565,0.9075,0.897795,-0.49296147338,-0.18822477979,0.96888967095,0.95522605979,0.93756809851,,0.8649829666666667,0,1,0,0,,,0,0,0,0,0,0,0,0,0,0,0.00067278063,0.912025,,1,0,1,0.0,0.0,0.0,red,-1.0,1.0,0.0,,,,,,,,,0,0,0,1,2,-+,0.02845999999999993
2019-10-31 21:00:00,0.9074,0.91102,0.89666,0.89745,0.9076,0.91108,0.89672,0.89815,3197912,0.9075,0.91105,0.89669,0.8978,0.90387,-0.50822688679,-0.14088140776,0.9669731578,0.95145936481,0.92963347881,,,0,0,0,0,,,0,0,0,0,0,0,0,0,0,0,0.000449043,,,0,0,1,0.0,0.0,0.0,gray,0.0,0.0,0.0,,,,,,,,,0,0,1,0,3,--,0.01436000000000004
2019-11-30 22:00:00,0.89745,0.91511,0.89745,0.91037,0.89815,0.91536,0.89801,0.91049,2469637,0.8978,0.915235,0.89773,0.91043,0.9064825,-0.49518781288,-0.05294345554,0.96578503028,0.94667475671,0.92438528305,,,1,0,0,0,,,0,0,0,0,0,0,0,0,0,0,0.00070880862,,,0,0,1,0.0,0.0,0.0,gray,0.0,0.0,0.0,,,,,,,,,0,0,0,1,2,-+,0.017504999999999993
2019-12-31 22:00:00,0.91037,0.91037,0.88423,0.88505,0.91049,0.91049,0.88445,0.88545,3138808,0.91043,0.91043,0.88434,0.88525,0.897385,-0.46480422874,0.03764262933,0.96327252795,0.94057728712,0.91906722644,,,0,0,0,0,,,0,0,0,0,0,0,0,0,0,0,0.00083120726,,,0,0,1,0.0,0.0,0.0,green,1.0,0.0,1.0,,,,,,,,,0,1,0,0,4,++,0.026089999999999947
2020-01-31 22:00:00,0.88505,0.89958,0.86402,0.8716,0.88545,0.8996,0.86406,0.8719,3427085,0.88525,0.89959,0.86404,0.87175,0.881815,-0.46954084886,0.03450037474,0.96033560272,0.93592918873,0.91602778115,,,0,0,0,0,,,0,0,0,0,0,0,0,0,0,0,0.00103732472,,,0,0,1,0.0,0.0,0.0,gray,0.0,0.0,0.0,,,-0.87639397272,,,,,,0,1,0,0,4,++,0.03554999999999997
2020-02-29 22:00:00,0.8716,0.90605,0.80659,0.86315,0.8719,0.90605,0.80719,0.8636,9737327,0.87175,0.90605,0.80689,0.863375,0.85647,-0.49978836218,-0.02551410566,0.95670844098,0.93116241514,0.91411872492,,0.7883079666666667,0,1,0,1,,0.7883079666666667,0,1,0,1,0,1,0,0,0,0,0.00101834929,0.90605,,1,0,1,0.0,0.0,0.0,red,-1.0,1.0,0.0,,,,,,0.80689,,,1,0,0,0,1,+-,0.09916000000000003
2020-03-31 21:00:00,0.86315,0.9122,0.84698,0.9078,0.8636,0.91227,0.84708,0.9082,6336951,0.863375,0.912235,0.84703,0.908,0.8796325,-0.50929135222,-0.04481809171,0.95218433013,0.92775086325,0.91077197994,,,0,0,0,0,,,0,0,0,0,0,0,0,0,0,0,0.00102896488,,,0,0,1,0.0,0.0,0.0,red,-1.0,1.0,0.0,,,,,,,,0.6666666666666666,0,0,0,1,2,-+,0.06520500000000007
2020-04-30 21:00:00,0.9078,0.92017,0.90077,0.91685,0.9082,0.92022,0.90089,0.91805,5158166,0.908,0.920195,0.90083,0.91745,0.9105125,-0.48250548551,0.00556998339,0.94843111243,0.92509231784,0.90498058395,,,0,0,0,0,,,0,0,0,0,0,0,0,0,0,0,0.00037542413,,,0,0,1,0.0,0.0,0.0,gray,0.0,0.0,0.0,,,,,,,,,0,0,1,0,3,--,0.019364999999999966
2020-05-31 21:00:00,0.91685,0.94448,0.9159,0.93705,0.91805,0.94449,0.91705,0.9373,7642028,0.91745,0.944485,0.916475,0.937175,0.93048,-0.40924352659,0.13471171725,0.94453602686,0.92162890311,0.89527846716,,,0,0,0,0,,,0,0,0,0,0,0,0,0,0,0,0.00036652574,,,0,0,1,0.0,0.0,0.0,green,1.0,0.0,1.0,,,,,,,,,1,0,0,0,1,+-,0.02800999999999998
2020-06-30 21:00:00,0.93705,0.96967,0.93483,0.9578,0.9373,0.96975,0.93486,0.95815,6656563,0.937175,0.96971,0.934845,0.957975,0.9522775,-0.28188174392,0.32137029948,0.94140787095,0.91665216522,0.89214927373,0.96971,,1,0,0,0,,,0,0,0,0,0,0,0,0,0,0,0.0005237688,,,0,0,1,0.0,0.0,0.0,green,1.0,0.0,1.0,,,,,,,,,0,0,0,1,2,-+,0.034864999999999924
2020-07-31 21:00:00,0.9578,0.9652,0.94276,0.96225,0.95815,0.96535,0.94301,0.9625,6180173,0.957975,0.965275,0.942885,0.962375,0.95408,-0.10891163431,0.51834529452,0.93872130395,0.90912939457,0.89582191898,,,0,0,0,0,,,0,0,0,0,0,0,0,0,0,0,0.00036228759,,,0,0,1,0.0,0.0,0.0,green,1.0,0.0,1.0,,,,,,,,,0,0,1,0,3,--,0.02239000000000002
2020-08-31 21:00:00,0.96225,0.9668,0.93913,0.9536,0.9625,0.96685,0.93919,0.95445,7456272,0.962375,0.966825,0.93916,0.954025,0.9529925,0.02221983722,0.5699382092,0.93554158826,0.90544228275,0.90275353519,,,0,0,0,0,,,0,0,0,0,0,0,0,0,0,0,0.00037102992,,,0,1,0,1.0,1.0,0.0,green,1.0,0.0,1.0,,,,,,,,,0,1,0,0,4,++,0.02766500000000005
2020-09-30 21:00:00,0.9536,0.95765,0.92472,0.93545,0.95445,0.95772,0.92484,0.9368,6361259,0.954025,0.957685,0.92478,0.936125,0.9412325,0.08265800031,0.46065149707,0.93140877378,0.9060760599,0.91265832815,,,0,1,0,0,,,0,0,0,0,0,0,0,0,0,0,0.00051727182,,,0,1,0,0.0,0.0,0.0,gray,0.0,0.0,0.0,,,,,,,,,0,0,0,1,2,-+,0.03290499999999996
2020-10-31 21:00:00,0.93545,0.96178,0.92999,0.95466,0.9368,0.96189,0.92999,0.95565,6603430,0.936125,0.961835,0.92999,0.955155,0.9459125,0.11908794895,0.31678459533,0.92564425272,0.90912655242,0.92094266252,,,0,0,0,0,,,0,0,0,0,0,0,0,0,0,0,0.00048224938,,,0,1,0,0.0,0.0,0.0,gray,0.0,0.0,0.0,0.31678459533,,,,,,,,1,0,0,0,1,+-,0.03184500000000001
2020-11-30 22:00:00,0.95466,0.98587,0.94572,0.98222,0.95565,0.98594,0.94576,0.98242,5078454,0.955155,0.985905,0.94574,0.98232,0.9658225,0.14798065384,0.19817795662,0.92210488713,0.91452042086,0.92735263001,,,0,0,0,0,,,0,0,0,0,0,0,0,0,0,0,0.0007908903,,,0,1,0,0.0,0.0,0.0,gray,0.0,0.0,0.0,0.19817795662,,,,0.985905,,,,0,0,0,1,2,-+,0.040165000000000006
2020-12-31 22:00:00,0.98222,0.99006,0.97359,0.97405,0.98242,0.99016,0.97505,0.9752,7161333,0.98232,0.99011,0.97432,0.974625,0.982215,0.20194465784,0.18112401997,0.92121316504,0.91946536826,0.93012860401,,,0,0,0,0,,,0,0,0,0,0,0,0,0,0,0,0.00022048968,,0.97432,-1,1,0,0.0,0.0,0.0,gray,0.0,0.0,0.0,0.18112401997,,,,,,,,1,0,0,0,1,+-,0.015790000000000082
2021-01-31 22:00:00,0.97405,0.99934,0.97145,0.9814,0.9752,0.99939,0.97144,0.98223,6478391,0.974625,0.999365,0.971445,0.981815,0.985405,0.25578928606,0.19594105321,0.9219259985,0.92365625972,0.93328538321,0.999365,,1,0,1,0,0.999365,,1,0,1,0,1,0,0,0,0,0,0.00043097121,,0.971445,-1,1,0,0.0,0.0,0.0,gray,0.0,0.0,0.0,,,,,,,,,0,0,0,1,2,-+,0.027919999999999945
2021-02-28 22:00:00,0.9814,0.98988,0.9525,0.95374,0.98223,0.99002,0.95347,0.95525,6428523,0.981815,0.98995,0.952985,0.954495,0.9714675,0.30695530249,0.20904550946,0.92426072938,0.92585328976,0.93979280657,,,0,0,0,0,,,0,0,0,0,0,0,0,0,0,0,0.00057501544,,,0,1,0,0.0,0.0,0.0,green,1.0,0.0,1.0,,,,,,,,,0,0,0,1,2,-+,0.036965000000000026
2021-03-31 21:00:00,0.95374,0.97587,0.94557,0.94715,0.95525,0.97597,0.94561,0.9488,3930041,0.954495,0.97592,0.94559,0.947975,0.960755,0.33771659612,0.1821065777,0.92655451943,0.92836069104,0.94827724525,,,0,0,0,0,,,0,0,0,0,0,0,0,0,0,0,0.00077174767,,,0,1,0,0.0,0.0,0.0,gray,0.0,0.0,0.0,,,,,,,,,0,0,0,1,2,-+,0.030329999999999968
2021-04-30 21:00:00,0.94715,0.9557,0.92975,0.93205,0.9488,0.95575,0.92983,0.93371,3517836,0.947975,0.955725,0.92979,0.93288,0.9427575,0.30568296504,0.05000532882,0.92858821024,0.93304341716,0.9557027962,,,0,0,0,0,,,0,0,0,0,0,0,0,0,0,0,0.00073724301,,,0,1,0,0.0,0.0,0.0,gray,0.0,0.0,0.0,,,,,,,,,0,0,1,0,3,--,0.02593500000000004
2021-05-31 21:00:00,0.93205,0.93968,0.92612,0.9294,0.93371,0.93972,0.92618,0.93006,3666434,0.93288,0.9397,0.92615,0.92973,0.932925,0.2267017639,-0.1243991126,0.92956084792,0.93918986501,0.95885573696,,,0,0,0,0,,,0,0,0,0,0,0,0,0,0,0,0.00036956891,,,0,1,0,0.0,0.0,0.0,red,-1.0,1.0,0.0,,,,,,,,,1,0,0,0,1,+-,0.013549999999999951
2021-06-30 21:00:00,0.9294,0.94195,0.91459,0.91555,0.93006,0.94199,0.91463,0.91605,4783492,0.92973,0.94197,0.91461,0.9158,0.92829,0.13200400681,-0.26972960022,0.93081866731,0.94496675689,0.95923558957,,,0,0,0,0,,,0,0,0,0,0,0,0,0,0,0,0.00057196709,,,0,1,0,0.0,0.0,0.0,red,-1.0,1.0,0.0,,,,,,,,,0,1,0,0,4,++,0.02735999999999994
2021-07-31 21:00:00,0.91555,0.93113,0.91089,0.92255,0.91605,0.93118,0.9114,0.92334,3544451,0.9158,0.931155,0.911145,0.922945,0.92115,0.04670643349,-0.33881553774,0.93351126982,0.94827934978,0.95593997166,,,0,0,0,0,,,0,0,0,0,0,0,0,0,0,0,0.00056454441,0.931155,,1,1,0,0.0,0.0,0.0,red,-1.0,1.0,0.0,,,,,,,,,0,0,1,0,3,--,0.020009999999999972
2021-08-31 21:00:00,0.92255,0.9377,0.91423,0.916,0.92334,0.93774,0.91436,0.91695,4475651,0.922945,0.93772,0.914295,0.916475,0.9260075,-0.00591380843,-0.30534905266,0.93725771061,0.94983880605,0.95133697732,,,0,0,0,0,,,0,0,0,0,0,0,0,0,0,0,0.00052338755,,,0,0,1,-1.0,0.0,1.0,gray,0.0,0.0,0.0,,,,,,,,,1,0,0,0,1,+-,0.02342500000000003
2021-09-30 21:00:00,0.916,0.93374,0.91039,0.92933,0.91695,0.93378,0.91047,0.93067,3570284,0.916475,0.93376,0.91043,0.93,0.922095,-0.02993457554,-0.21578543297,0.94096134825,0.9489536428,0.94672758186,,,0,0,0,0,,,0,0,0,0,0,0,0,0,0,0,0.00065344942,0.93376,,1,0,1,0.0,0.0,0.0,gray,0.0,0.0,0.0,,-0.21578543297,,,,,,,0,0,0,1,2,-+,0.023330000000000073
2021-10-31 21:00:00,0.92933,0.93217,0.90635,0.91043,0.93067,0.93243,0.90647,0.91117,3522340,0.93,0.9323,0.90641,0.9108,0.919355,-0.04671898615,-0.1370331827,0.94330797531,0.94695006245,0.94161206549,,,0,0,0,0,,,0,0,0,0,0,0,0,0,0,0,0.00073502274,,,0,0,1,0.0,0.0,0.0,gray,0.0,0.0,0.0,,-0.1370331827,,,,,,,0,0,0,1,2,-+,0.02588999999999997
2021-11-30 22:00:00,0.91043,0.93033,0.897,0.91907,0.91117,0.93041,0.89722,0.91922,3493694,0.9108,0.93037,0.89711,0.919145,0.91374,-0.06405546267,-0.09157803259,0.94465005413,0.94461755464,0.93849115239,,,0,0,0,0,,,0,0,0,0,0,0,0,0,0,0,0.00095200095,0.93037,,1,0,1,0.0,0.0,0.0,gray,0.0,0.0,0.0,,-0.09157803259,,,,,,,0,0,0,1,2,-+,0.03326000000000007
2021-12-31 22:00:00,0.91907,0.92392,0.89077,0.89749,0.91922,0.92398,0.89093,0.89832,3913751,0.919145,0.92395,0.89085,0.897905,0.9074,-0.07834666426,-0.06930404604,0.94450447304,0.94168411031,0.93521192191,,0.8722679666666667,0,1,0,0,,,0,0,0,0,0,0,0,0,0,0,0.00084573597,,,0,0,1,0.0,0.0,0.0,gray,0.0,0.0,0.0,,-0.06930404604,,,,,,,1,0,0,0,1,+-,0.03310000000000002
2022-01-31 22:00:00,0.89749,0.92405,0.89452,0.9201,0.89832,0.92412,0.89461,0.92105,4623056,0.897905,0.924085,0.894565,0.920575,0.909325,-0.09623131537,-0.06893241124,0.94361374435,0.93972453402,0.93204053753,,,0,0,0,0,,,0,0,0,0,0,0,0,0,0,0,0.00063853866,,,0,0,1,0.0,0.0,0.0,gray,0.0,0.0,0.0,,-0.06893241124,,,,,,,1,0,0,0,1,+-,0.02951999999999999
2022-02-28 22:00:00,0.9201,0.9462,0.9171,0.9344,0.92105,0.94633,0.91719,0.936,5529449,0.920575,0.946265,0.917145,0.9352,0.931705,-0.07946962508,-0.01351725047,0.94243499478,0.93752084227,0.92838043002,,,0,0,0,0,,,0,0,0,0,0,0,0,0,0,0,0.00052663475,,,0,0,1,0.0,0.0,0.0,gray,0.0,0.0,0.0,,,,,,,,,1,0,0,0,1,+-,0.029120000000000035
2022-03-31 21:00:00,0.9344,0.95159,0.90692,0.90746,0.936,0.95165,0.90715,0.90881,4430641,0.9352,0.95162,0.907035,0.908135,0.9293275,-0.06350816676,0.02662650604,0.94079768749,0.93525011199,0.92418434402,0.95162,,1,0,1,0,0.95162,,0,0,0,0,0,0,0,0,0,0,0.0010062878,,,0,0,1,0.0,0.0,0.0,green,1.0,0.0,1.0,,,,,,,,,0,0,0,1,2,-+,0.044584999999999986
2022-04-30 21:00:00,0.90746,0.9255,0.89183,0.9072,0.90881,0.92637,0.89198,0.9082,6559897,0.908135,0.925935,0.891905,0.9077,0.90892,-0.07066657127,0.01449944304,0.93965998076,0.93256134799,0.92121247522,,,0,0,0,0,,,0,0,0,0,0,0,0,0,0,0,0.00051875815,,,0,0,1,0.0,0.0,0.0,gray,0.0,0.0,0.0,,,-0.87639397272,,,,,,1,0,0,0,1,+-,0.034030000000000005
2022-05-31 21:00:00,0.9072,0.91467,0.8844,0.88839,0.9082,0.91477,0.8845,0.88914,6585057,0.9077,0.91472,0.88445,0.888765,0.899585,-0.08443231858,-0.01157545347,0.9383088284,0.92941617949,0.92331098017,,,0,0,0,0,,,0,0,0,0,0,0,0,0,0,0,0.00045967711,,,0,0,1,0.0,0.0,0.0,red,-1.0,1.0,0.0,,,,,,,,,1,0,0,0,1,+-,0.03027000000000002
2022-06-30 21:00:00,0.88839,0.89944,0.87311,0.89405,0.88914,0.89952,0.87379,0.8957,6182593,0.888765,0.89948,0.87345,0.894875,0.886465,-0.11920832894,-0.07428804211,0.9368508416,0.92690478205,0.92451428414,,0.8548679666666666,0,0,0,0,,,0,0,0,0,0,0,0,0,0,0,0.00042102076,0.89948,,1,0,1,0.0,0.0,0.0,red,-1.0,1.0,0.0,,,,,,,,,0,0,1,0,3,--,0.026029999999999998
2022-07-31 21:00:00,0.89405,0.91061,0.8877,0.89785,0.8957,0.9109,0.8878,0.89904,5948326,0.894875,0.910755,0.88775,0.898445,0.8992525,-0.1749758989,-0.15047734778,0.93507308455,0.9275048093,0.92139542731,,,0,0,0,0,,,0,0,0,0,0,0,0,0,0,0,0.00038674746,,,0,0,1,0.0,0.0,0.0,red,-1.0,1.0,0.0,,,,,,,,,0,0,1,0,3,--,0.023004999999999942
2022-08-31 21:00:00,0.89785,0.90154,0.87811,0.88458,0.89904,0.9016,0.87821,0.88598,6394317,0.898445,0.90157,0.87816,0.88528,0.889865,-0.23882876166,-0.21029776846,0.93294438574,0.92773264563,0.91703334185,,,0,0,0,0,,,0,0,0,0,0,0,0,0,0,0,0.00036610634,,,0,0,1,0.0,0.0,0.0,red,-1.0,1.0,0.0,,,,,,,,,1,0,0,0,1,+-,0.02340999999999993
2022-09-30 21:00:00,0.88458,0.88962,0.85969,0.87127,0.88598,0.88969,0.85996,0.8722,5242101,0.88528,0.889655,0.859825,0.871735,0.87474,-0.289210488,-0.22416354393,0.93112750991,0.92538106493,0.91091967348,,0.8412429666666666,0,1,0,1,,0.8412429666666666,0,0,0,0,0,0,0,0,0,0,0.00056904665,,,0,0,1,0.0,0.0,0.0,red,-1.0,1.0,0.0,,,,,,,,,0,0,0,1,2,-+,0.029830000000000023
2022-10-31 21:00:00,0.87127,0.91348,0.8631,0.91081,0.8722,0.91355,0.86363,0.91088,5189380,0.871735,0.913515,0.863365,0.910845,0.88844,-0.3059911328,-0.16695635644,0.93117193223,0.92215655681,0.90858623878,,,0,0,0,0,,,0,0,0,0,0,0,0,0,0,0,0.00096639676,,,0,0,1,0.0,0.0,0.0,gray,0.0,0.0,0.0,,,,,,,,,0,0,0,1,2,-+,0.05014999999999992
2022-11-30 22:00:00,0.91081,0.93308,0.90427,0.9225,0.91088,0.93315,0.90434,0.92374,4193435,0.910845,0.933115,0.904305,0.92312,0.91871,-0.26020631549,-0.01322339607,0.93103005282,0.91769511221,0.90484199103,,,0,0,0,0,,,0,0,0,0,0,0,0,0,0,0,0.00068702627,,,0,0,1,0.0,0.0,0.0,gray,0.0,0.0,0.0,,,,,,,,,0,0,1,0,3,--,0.028810000000000002
2022-12-31 22:00:00,0.9225,0.95484,0.91216,0.93833,0.92374,0.95495,0.91223,0.93924,4208222,0.92312,0.954895,0.912195,0.938785,0.933545,-0.22101340122,0.08734831325,0.92932927953,0.91538978569,0.89882159282,0.954895,,1,0,1,0,0.954895,,1,0,0,0,0,0,0,0,0,0,0.00101468031,,,0,0,1,0.0,0.0,0.0,green,1.0,0.0,1.0,,,,,,,,,0,1,0,0,4,++,0.04270000000000007
2023-01-31 22:00:00,0.93833,0.94978,0.9102,0.91815,0.93924,0.94988,0.91027,0.91854,4019922,0.938785,0.94983,0.910235,0.918345,0.9300325,-0.16509406962,0.17290084378,0.92704125803,0.91219918747,0.89674527426,,,0,0,0,0,,,0,0,0,0,0,0,0,0,0,0,0.00098496936,,,0,0,1,0.0,0.0,0.0,green,1.0,0.0,1.0,,,,,,,,,0,0,1,0,3,--,0.039594999999999936
2023-02-28 22:00:00,0.91815,0.92318,0.90287,0.90326,0.91854,0.92379,0.90293,0.90394,4744787,0.918345,0.923485,0.9029,0.9036,0.9131925,-0.10012226289,0.22932474991,0.92392000741,0.90751678904,0.90113821941,,,0,0,0,0,,,0,0,0,0,0,0,0,0,0,0,0.00043384455,,,0,0,1,0.0,0.0,0.0,green,1.0,0.0,1.0,,,,,,,,,1,0,0,0,1,+-,0.020584999999999964
2023-03-31 21:00:00,0.90326,0.91269,0.89433,0.89462,0.90394,0.9128,0.89441,0.89605,2452418,0.9036,0.912745,0.89437,0.895335,0.9035575,-0.06755526935,0.19790637735,0.92202250684,0.90513219041,0.90761957552,,,0,0,0,0,,,0,0,0,0,0,0,0,0,0,0,0.00074926053,,,0,0,1,0.0,0.0,0.0,gray,0.0,0.0,0.0,,,,,,,,,0,0,0,1,2,-+,0.01837500000000003
2023-04-30 21:00:00,0.89462,0.91066,0.87836,0.88222,0.89605,0.91076,0.87843,0.88314,2879071,0.895335,0.91071,0.878395,0.88268,0.8945525,-0.0943039802,0.07337893493,0.91954885247,0.90682941661,0.91210216042,,,0,0,0,0,,,0,0,0,0,0,0,0,0,0,0,0.00112241067,,,0,0,1,0.0,0.0,0.0,gray,0.0,0.0,0.0,,,-0.87639397272,,,,,,0,1,0,0,4,++,0.03231499999999998
2023-05-31 21:00:00,0.88222,0.9117,0.87425,0.88214,0.88314,0.91177,0.87446,0.88289,2761851,0.88268,0.911735,0.874355,0.882515,0.893045,-0.14812099256,-0.06874075119,0.91610201766,0.91016886453,0.91232022834,,,0,0,0,0,,,0,0,0,0,0,0,0,0,0,0,0.00135344014,,,0,0,1,0.0,0.0,0.0,red,-1.0,1.0,0.0,,,,,,,,,0,0,0,1,2,-+,0.03737999999999997
2023-06-30 21:00:00,0.88214,0.90563,0.87723,0.8858,0.88289,0.90573,0.8773,0.88605,2984449,0.882515,0.90568,0.877265,0.885925,0.8914725,-0.19850435075,-0.15954812673,0.91397417015,0.91265181897,0.91056768267,,,0,0,0,0,,,0,0,0,0,0,0,0,0,0,0,0.00095210205,,,0,0,1,0.0,0.0,0.0,red,-1.0,1.0,0.0,,,,,,,,,1,0,0,0,1,+-,0.02841500000000008
2023-07-31 21:00:00,0.8858,0.88687,0.86245,0.87575,0.88605,0.88743,0.86256,0.87605,3456549,0.885925,0.88715,0.862505,0.8759,0.8748275,-0.24732841771,-0.19982391689,0.91433846475,0.9127194041,0.90736464613,,,0,0,0,0,,,0,0,0,0,0,0,0,0,0,0,0.00071299438,0.88715,,1,0,1,0.0,0.0,0.0,red,-1.0,1.0,0.0,,,,,,,,,1,0,0,0,1,+-,0.024645000000000028
2023-08-31 21:00:00,0.87575,0.88266,0.85644,0.87281,0.87605,0.88276,0.85651,0.87425,2824050,0.8759,0.88271,0.856475,0.87353,0.8695925,-0.28615178172,-0.18965059704,0.91581589054,0.91157416608,0.90450071691,,0.8378929666666667,0,1,0,1,,0.8378929666666667,0,0,0,0,0,0,0,0,0,0,0.00092898497,0.88271,,1,0,1,0.0,0.0,0.0,gray,0.0,0.0,0.0,,,,,,,,,0,0,0,1,2,-+,0.02623500000000001
2023-09-30 21:00:00,0.87281,0.88349,0.85846,0.87911,0.87425,0.88356,0.85854,0.87934,3167155,0.87353,0.883525,0.8585,0.879225,0.8710125,-0.30253601358,-0.13715806952,0.91690947589,0.90944645782,0.90189507353,,,0,0,0,0,,,0,0,0,0,0,0,0,0,0,0,0.00079014131,,,0,0,1,0.0,0.0,0.0,gray,0.0,0.0,0.0,,-0.13715806952,,,,,,,1,0,0,0,1,+-,0.025024999999999964
2023-10-31 21:00:00,0.87911,0.90424,0.87552,0.89551,0.87934,0.90431,0.87704,0.89574,2572696,0.879225,0.904275,0.87628,0.895625,0.8902775,-0.28417938251,-0.04247122113,0.91662355466,0.9073962756,0.89648155882,,,0,0,0,0,,,0,0,0,0,0,0,0,0,0,0,0.0010881581,,,0,0,1,0.0,0.0,0.0,gray,0.0,0.0,0.0,,,,,,,,,0,0,0,1,2,-+,0.027995000000000103
2023-11-30 22:00:00,0.89551,0.90649,0.88774,0.90176,0.89574,0.90656,0.88783,0.9033,2514871,0.895625,0.906525,0.887785,0.90253,0.897155,-0.25232299496,0.04608954802,0.91561847354,0.90540580365,0.89110374706,0.906525,,1,0,0,0,,,0,0,0,0,0,0,0,0,0,0,0.00074516745,,,0,0,1,0.0,0.0,0.0,green,1.0,0.0,1.0,,,,,,,,,0,0,1,0,3,--,0.01873999999999998
2023-12-31 22:00:00,0.90176,0.90576,0.8801,0.88186,0.9033,0.90587,0.8802,0.88273,2827994,0.90253,0.905815,0.88015,0.882295,0.8929825,-0.20162556926,0.13244095772,0.91399801403,0.90158351569,0.88708549765,,,0,0,0,0,,,0,0,0,0,0,0,0,0,0,0,0.00090753375,,,0,0,1,0.0,0.0,0.0,green,1.0,0.0,1.0,,,,,,,,,0,1,0,0,4,++,0.02566500000000005
2024-01-31 22:00:00,0.88186,0.88897,0.87258,0.88179,0.88273,0.88907,0.87268,0.88273,2280366,0.882295,0.88902,0.87263,0.88226,0.880825,-0.16238319751,0.1625470797,0.91238624372,0.89758463873,0.88772389812,,0.8540479666666667,0,1,0,0,,,0,0,0,0,0,0,0,0,0,0,0.00071874427,,,0,0,1,0.0,0.0,0.0,green,1.0,0.0,1.0,,,,,,,,,0,0,1,0,3,--,0.016390000000000016
2024-02-29 22:00:00,0.88179,0.89501,0.88052,0.88155,0.88273,0.89526,0.88063,0.88323,2051744,0.88226,0.895135,0.880575,0.88239,0.887855,-0.11984688267,0.1750113997,0.91077749421,0.89426312139,0.88961011849,,,0,0,0,0,,,0,0,0,0,0,0,0,0,0,0,0.00070964019,,,0,0,1,0.0,0.0,0.0,green,1.0,0.0,1.0,,,,,,,,,0,0,1,0,3,--,0.014560000000000017
2024-03-31 21:00:00,0.88155,0.90071,0.87812,0.8912,0.88323,0.90079,0.87823,0.89281,2346459,0.88239,0.90075,0.878175,0.892005,0.8894625,-0.11032682101,0.12254323397,0.90801211004,0.89376491871,0.89028459479,,,0,0,0,0,,,0,0,0,0,0,0,0,0,0,0,0.00096208798,,,0,0,1,0.0,0.0,0.0,gray,0.0,0.0,0.0,,,,,,,,,0,1,0,0,4,++,0.02257500000000001
2024-04-30 21:00:00,0.8912,0.91253,0.8909,0.90605,0.89281,0.91264,0.89097,0.90725,2050994,0.892005,0.912585,0.890935,0.90665,0.90176,-0.09580490156,0.08767237211,0.90505675542,0.89418867888,0.88839267584,,,0,0,0,0,,,0,0,0,0,0,0,0,0,0,0,0.00105558573,,,0,0,1,0.0,0.0,0.0,gray,0.0,0.0,0.0,0.08767237211,,,,,,,,0,0,0,1,2,-+,0.021649999999999947
2024-05-31 21:00:00,0.90605,0.91758,0.90399,0.91306,0.90725,0.91888,0.90464,0.91421,1954257,0.90665,0.91823,0.904315,0.913635,0.9112725,-0.06210113928,0.09972191556,0.90243796654,0.89403790652,0.88828514067,,,0,0,0,0,,,0,0,0,0,0,0,0,0,0,0,0.00071203532,,,0,0,1,0.0,0.0,0.0,gray,0.0,0.0,0.0,,,,,,,,,0,0,1,0,3,--,0.01391500000000001
2024-06-30 21:00:00,0.91306,0.9264,0.89734,0.90279,0.91421,0.92651,0.89743,0.90359,2275992,0.913635,0.926455,0.897385,0.90319,0.91192,-0.00548023961,0.15216900598,0.90150254604,0.8923862932,0.88852061253,,,0,0,0,0,,,0,0,0,0,0,0,0,0,0,0,0.00127724526,,0.897385,-1,0,1,0.0,0.0,0.0,green,1.0,0.0,1.0,,,,,,,,,0,1,0,0,4,++,0.02907000000000004
2024-07-31 21:00:00,0.90279,0.91964,0.88519,0.91601,0.90359,0.91975,0.88543,0.91608,2929797,0.90319,0.919695,0.88531,0.916045,0.9025025,0.02444416829,0.15438446892,0.90116811942,0.89181988155,0.89116849003,,,0,0,0,0,,,0,0,0,0,0,0,0,0,0,0,0.0011736308,,,0,1,0,1.0,1.0,0.0,green,1.0,0.0,1.0,,,,,,,,,1,0,0,0,1,+-,0.034385
